source_index,feature_id,height_m,center_x_m,center_y_m,min_x_m,min_y_m,max_x_m,max_y_m,highlighted
0,101850,13.33,971.5193427,-8572.85370535,965.03719718,-8577.1496263,978.00148821,-8568.5577844,false
1,150949,9.76,1242.25924173,-8456.23921876,1236.10011808,-8460.1222241,1248.41836537,-8452.35621342,false
2,281376,17.24,947.61086304,-8338.91288497,937.84821081,-8349.94942014,957.37351526,-8327.87634979,false
3,177648,9.93,923.82664647,-9345.01945839,918.12473646,-9350.49569368,929.52855649,-9339.5432231,false
4,104551,10.39,392.85021911,-9291.37611172,385.59098387,-9295.72118398,400.10945435,-9287.03103945,false
5,386532,10.78,689.378278,-9103.77970491,684.50591758,-9109.53955969,694.25063841,-9098.01985013,false
6,102603,11.75,1045.68411379,-8773.50348045,1039.52576774,-8786.60577677,1051.84245983,-8760.40118412,false
7,307790,13.7,1178.36424225,-8781.38965098,1172.89043681,-8788.35918853,1183.83804769,-8774.42011342,false
8,101748,10.65,1321.99675116,-8535.09778314,1318.051497,-8540.50908179,1325.94200531,-8529.68648449,false
9,101689,10.38,1068.8083629,-8533.53692124,1064.6337758,-8541.63768544,1072.98295001,-8525.43615705,false
10,255407,11.16,918.53451516,-8491.10713549,912.99179365,-8501.04901498,924.07723667,-8481.16525599,false
11,100495,13.25,950.25249457,-8260.51367571,942.71847282,-8270.74351708,957.78651631,-8250.28383433,false
12,99216,13.4,367.71549383,-7943.827383,359.50943621,-7965.30874742,375.92155144,-7922.34601857,false
13,412885,11.32,1288.17351068,-9332.05787342,1283.61849211,-9340.2705488,1292.72852925,-9323.84519804,false
14,104614,13.54,1267.2036869,-9288.76902904,1260.73896828,-9298.64863947,1273.66840553,-9278.88941861,false
15,203062,11.19,1310.80221064,-8445.92152677,1307.86134666,-8454.81687823,1313.74307463,-8437.02617532,false
16,104505,10.84,1624.13156918,-9246.71237001,1620.02228073,-9256.41932397,1628.24085762,-9237.00541605,false
17,176512,13.43,836.7865056,-7971.56839358,823.31494708,-7980.98534389,850.25806413,-7962.15144327,false
18,385752,11.83,486.22052102,-8109.34112788,464.02853481,-8138.84837969,508.41250723,-8079.83387606,false
19,100180,10.82,963.24544115,-8169.69483502,959.12618018,-8176.0759992,967.36470212,-8163.31367084,false
20,99965,15.15,880.57544386,-8118.6128383,870.49134613,-8131.17193799,890.65954159,-8106.05373861,false
21,103245,10.62,1795.08415677,-8905.29150773,1765.50425753,-8923.41254466,1824.664056,-8887.1704708,false
22,103245,10.62,1795.08415677,-8905.29150773,1765.50425753,-8923.41254466,1824.664056,-8887.1704708,false
23,99966,13.42,928.40132645,-8121.95676431,916.02158648,-8138.8629979,940.78106643,-8105.05053071,false
24,99966,15.27,928.40132645,-8121.95676431,916.02158648,-8138.8629979,940.78106643,-8105.05053071,false
25,385726,12.14,419.70815038,-8111.22208678,388.39079853,-8141.24447407,451.02550223,-8081.19969949,false
26,229056,13.18,858.93911489,-8024.66111876,827.86939353,-8040.25450113,890.00883624,-8009.06773638,false
27,176609,9.26,834.41910917,-8113.01404519,808.37970082,-8135.68512724,860.45851753,-8090.34296314,false
28,99842,9.11,756.85774663,-8113.8281402,725.10665766,-8145.62758909,788.6088356,-8082.0286913,false
29,359824,11.54,848.77188895,-8212.84829915,844.8582911,-8217.80522753,852.6854868,-8207.89137077,false
30,333631,18.4,837.42274931,-8181.7691135,806.9796512,-8191.69587295,867.86584742,-8171.84235405,false
31,281476,9.34,860.66125879,-8486.45254821,855.63798308,-8490.91740642,865.6845345,-8481.98768999,false
32,255452,10.66,866.7849464,-8539.5324074,859.90467229,-8544.08159423,873.66522051,-8534.98322056,false
33,202966,13.09,852.88570047,-8339.72524145,836.48136648,-8350.10051625,869.29003446,-8329.34996664,false
34,176935,11.43,853.49142237,-8451.32651023,842.47073007,-8457.33865307,864.51211466,-8445.31436738,false
35,101238,12.14,860.96065001,-8436.72295209,857.71520421,-8442.93725875,864.20609581,-8430.50864543,false
36,360454,10.77,1780.47608709,-8860.83132182,1766.73339961,-8870.03254624,1794.21877458,-8851.63009741,false
37,203440,10.73,1780.70371119,-8880.35920546,1767.15840882,-8885.54278932,1794.24901356,-8875.1756216,false
38,412665,20.04,1624.09059894,-9000.39428964,1608.96550995,-9018.66228334,1639.21568794,-8982.12629594,false
39,386483,10.8,1488.33407191,-9009.69067675,1484.70922326,-9016.86674139,1491.95892056,-9002.51461212,false
40,360570,15.18,1646.79159766,-9007.40809326,1642.6398099,-9016.3261991,1650.94338541,-8998.48998742,false
41,334336,12.87,1554.15318257,-9006.58414003,1549.56786954,-9013.13975159,1558.7384956,-9000.02852847,false
42,334331,11.63,1525.49850767,-9007.08626988,1521.6041147,-9016.12648897,1529.39290064,-8998.0460508,false
43,281919,21.08,1306.30625524,-9016.36303404,1299.87549043,-9020.36094602,1312.73702005,-9012.36512206,false
44,281908,11.6,1498.48892958,-9006.5348484,1494.16280844,-9015.77789398,1502.81505072,-8997.29180283,false
45,203543,12.17,1470.5100644,-9010.73442547,1465.17521955,-9017.08953683,1475.84490926,-9004.3793141,false
46,177429,25.1,1320.9502214,-9015.90764711,1314.67603929,-9020.4731597,1327.22440351,-9011.34213451,false
47,103665,16.86,1576.66676973,-9009.87283347,1563.13699368,-9019.52916333,1590.19654577,-9000.21650362,false
48,229422,11.33,1118.35527033,-8449.04532292,1114.25618067,-8457.90669321,1122.45435999,-8440.18395263,false
49,150445,20.45,629.23434016,-7764.47555759,616.29710158,-7774.20106807,642.17157875,-7754.7500471,false
50,411754,13.28,705.66532042,-7889.07532038,689.29000414,-7907.05983348,722.0406367,-7871.09080728,false
51,411919,11.31,631.32149981,-8108.64221539,627.12117349,-8112.75350586,635.52182613,-8104.53092491,false
52,411592,16.86,339.04173041,-7681.57337786,330.99621641,-7694.2410731,347.08724442,-7668.90568263,false
53,411524,11.53,225.01689169,-7612.95637085,171.38468463,-7652.83647976,278.64909875,-7573.07626193,false
54,385557,17.68,711.78896588,-7828.70858303,698.65601195,-7840.54209036,724.92191981,-7816.87507569,false
55,385298,12.64,128.10502548,-7449.01185176,122.57523448,-7461.04083551,133.63481648,-7436.982868,false
56,333524,9.15,547.75211075,-8053.89484654,543.09375779,-8063.50530391,552.4104637,-8044.28438916,false
57,333131,12.98,136.46512339,-7501.37551142,120.03653107,-7521.91727736,152.89371572,-7480.83374547,false
58,307084,13.1,420.33169338,-7966.258822,413.97555056,-7977.61859422,426.68783621,-7954.89904978,false
59,307023,16.01,393.72175504,-7882.53676068,385.1167802,-7897.90484707,402.32672988,-7867.1686743,false
60,280862,20.9,459.67718202,-7681.38414966,431.16609154,-7692.48587946,488.18827249,-7670.28241985,false
61,254899,13.39,561.60658758,-7852.53061857,557.94443985,-7858.72983754,565.26873532,-7846.33139961,false
62,254884,13.37,535.63328748,-7821.21245652,527.41664464,-7824.7127378,543.84993031,-7817.71217524,false
63,254848,13.54,426.5994774,-7793.47666987,417.44414009,-7813.1551226,435.75481472,-7773.79821714,false
64,254795,12.03,501.87923815,-7692.6551715,493.62937533,-7698.35867166,510.12910098,-7686.95167135,false
65,228924,8.36,514.96361609,-7876.82871744,485.94859536,-7904.05542445,543.97863683,-7849.60201043,false
66,202680,13.18,476.30089732,-7970.62639287,463.86178923,-7977.51938422,488.74000542,-7963.73340151,false
67,202677,14.92,696.91577456,-7968.02201736,686.18212838,-7980.55830089,707.64942075,-7955.48573383,false
68,176373,16.31,382.32823446,-7792.57306302,363.43379708,-7809.55593965,401.22267184,-7775.59018639,false
69,150642,13.49,499.83587638,-8055.79072326,489.00762149,-8061.95707785,510.66413128,-8049.62436867,false
70,150309,20.59,146.59049386,-7538.29964703,131.56504989,-7555.06007195,161.61593783,-7521.53922212,false
71,150236,14.28,168.71206312,-7404.30844442,158.94700242,-7411.61234154,178.47712383,-7397.0045473,false
72,99383,14.62,389.34571507,-7977.22500002,366.20779008,-7983.4520528,412.48364006,-7970.99794724,false
73,99346,19.84,560.72061189,-7969.32036427,533.65738469,-7983.96107843,587.7838391,-7954.67965011,false
74,98616,13.4,384.00631147,-7750.89670023,364.4105064,-7774.37364738,403.60211653,-7727.41975308,false
75,203174,19.86,822.5882643,-8585.66696414,810.23625957,-8603.25597688,834.94026903,-8568.07795139,false
76,281363,11.18,624.74563976,-8349.58318752,605.83269621,-8379.72834913,643.65858331,-8319.4380259,false
77,412031,12.58,846.35793853,-8247.13999147,840.65725309,-8253.02450373,852.05862397,-8241.2554792,false
78,412029,10.27,826.28354649,-8245.65550267,817.04200103,-8250.08272299,835.52509195,-8241.22828235,false
79,386103,13.27,815.73717241,-8543.75563881,805.92294606,-8549.60059492,825.55139877,-8537.9106827,false
80,386091,15.52,767.20323071,-8529.5847242,756.14852145,-8535.89196656,778.25793997,-8523.27748183,false
81,359817,12.67,825.36966273,-8211.01325329,820.24982242,-8216.66035473,830.48950304,-8205.36615185,false
82,333900,11.94,852.82413562,-8536.27763106,847.92872243,-8544.33169268,857.7195488,-8528.22356944,false
83,333665,12.06,559.93365638,-8261.59017878,547.60211928,-8277.31301919,572.26519348,-8245.86733837,false
84,281368,13.33,780.66880406,-8328.80691488,774.36544667,-8338.39253151,786.97216145,-8319.22129825,false
85,281342,12.42,829.70342135,-8294.4054361,823.50945703,-8299.2643571,835.89738567,-8289.54651511,false
86,255116,13.19,755.28340621,-8186.79073366,751.04304266,-8212.35926879,759.52376976,-8161.22219852,false
87,229206,11.37,837.66455808,-8212.99762414,832.85358864,-8217.45898023,842.47552752,-8208.53626805,false
88,202873,11.63,745.86417086,-8204.90940296,741.4485582,-8218.18933752,750.27978351,-8191.62946841,false
89,177032,18.66,771.25128392,-8578.35484926,755.36448663,-8589.24267706,787.1380812,-8567.46702146,false
90,176967,16.24,821.75591725,-8499.15993287,808.40915667,-8511.74120226,835.10267782,-8486.57866347,false
91,176814,12.42,574.79225718,-8341.14132399,562.93812148,-8354.14677747,586.64639288,-8328.13587051,false
92,151000,11.84,818.8560351,-8520.90704741,810.36095101,-8525.60589976,827.3511192,-8516.20819506,false
93,101680,10.51,835.4229885,-8538.88986401,831.31997209,-8547.63486106,839.52600492,-8530.14486696,false
94,100651,9.06,813.9267073,-8296.46338683,809.44797373,-8300.67786121,818.40544088,-8292.24891246,false
95,100599,10.53,848.10243505,-8288.84540982,843.69271145,-8299.46107098,852.51215866,-8278.22974865,false
96,411859,9.56,895.32982397,-8034.34806461,892.29351237,-8039.90234819,898.36613557,-8028.79378103,false
97,176601,12.28,923.56553206,-8087.02400155,914.55623568,-8091.76214395,932.57482845,-8082.28585914,false
98,150672,14.95,1030.12280857,-8081.83663137,1022.57746443,-8086.72864879,1037.66815271,-8076.94461395,false
99,255676,9.92,1805.11970279,-8824.78188674,1801.17278172,-8827.83620363,1809.06662387,-8821.72756985,false
100,103052,12.92,1810.84898819,-8851.23840632,1800.76022703,-8858.12977722,1820.93774935,-8844.34703542,false
101,102978,12.52,1815.16064559,-8833.95897148,1809.98740528,-8838.90303695,1820.33388589,-8829.01490601,false
102,412434,10.3,1453.14886512,-8725.24675554,1446.17639366,-8731.25068124,1460.12133659,-8719.24282985,false
103,360479,11.74,1321.52529268,-8907.99956398,1315.5821656,-8922.02203682,1327.46841976,-8893.97709114,false
104,177345,10.95,1242.51985451,-8912.40965773,1237.6178658,-8922.56904653,1247.42184322,-8902.25026894,false
105,100502,12.19,1123.84143253,-8252.03662974,1117.86404451,-8258.97186752,1129.81882055,-8245.10139196,false
106,386354,10.79,1154.2911451,-8823.28346983,1150.24984241,-8830.12922633,1158.33244778,-8816.43771334,false
107,177383,11.75,1042.02714355,-8959.34172845,1036.44422638,-8968.52601482,1047.61006072,-8950.15744209,false
108,151024,12.59,897.96117685,-8538.49914687,892.21762939,-8544.60981632,903.70472431,-8532.38847742,false
109,412613,12.27,1430.5893996,-8913.93302026,1425.88840723,-8920.54432148,1435.29039197,-8907.32171904,false
110,151292,10.18,1364.1862057,-8857.86898844,1359.27384252,-8862.94871062,1369.09856888,-8852.78926626,false
111,334265,11.85,1381.8110335,-8913.26637022,1377.56698603,-8920.09685592,1386.05508098,-8906.43588453,false
112,151337,13.22,1351.28719982,-8914.53453113,1345.37004007,-8923.14819236,1357.20435956,-8905.92086989,false
113,334098,12.33,1231.62158675,-8725.59715935,1227.13799071,-8733.69419026,1236.10518279,-8717.50012844,false
114,412521,9.95,1628.18646418,-8820.52825639,1624.56972234,-8830.06630731,1631.80320601,-8810.99020547,false
115,334290,10.76,1260.47499448,-8957.25235056,1256.29428439,-8965.50638232,1264.65570457,-8948.9983188,false
116,386447,11.3,1246.51095573,-8956.65232942,1242.27550096,-8964.33926661,1250.74641049,-8948.96539222,false
117,203491,12.67,1228.91157514,-8957.39362631,1223.3893254,-8963.95281946,1234.43382489,-8950.83443316,false
118,151146,10.2,1351.86675523,-8671.11914555,1347.80606751,-8678.44079327,1355.92744294,-8663.79749782,false
119,255487,11.26,1140.13454652,-8584.23573147,1137.18458989,-8595.60313775,1143.08450315,-8572.86832519,false
120,103428,11.98,1126.07318494,-8955.28751985,1121.68114165,-8962.84386005,1130.46522823,-8947.73117966,false
121,412640,11.5,1493.17783099,-8955.33891591,1488.98500073,-8962.19880802,1497.37066125,-8948.4790238,false
122,412489,13.38,1014.06200382,-8786.6181277,1006.37135128,-8793.16117681,1021.75265635,-8780.07507859,false
123,412480,10.71,1333.8787056,-8767.03261049,1325.24236002,-8771.99297474,1342.51505118,-8762.07224625,false
124,412387,11.39,1151.61379273,-8672.87103425,1145.15774417,-8678.85179166,1158.0698413,-8666.89027684,false
125,412312,10.95,888.83746159,-8579.07633776,881.36113413,-8585.58273797,896.31378905,-8572.56993756,false
126,412244,12.41,1085.53612793,-8489.48428996,1081.6475327,-8495.21465386,1089.42472317,-8483.75392606,false
127,412045,13.08,890.0166214,-8262.70760968,868.70535573,-8270.17588167,911.32788707,-8255.23933769,false
128,411988,12.89,1021.91246744,-8184.49083071,1007.40621636,-8191.32341992,1036.41871852,-8177.65824149,false
129,386381,10.64,1448.71906068,-8859.93132307,1444.94436129,-8866.14727447,1452.49376007,-8853.71537167,false
130,386350,14.72,1581.91140121,-8807.86516398,1572.89451586,-8812.61948628,1590.92828656,-8803.11084168,false
131,386295,11.51,1478.68440417,-8766.62500546,1474.46921807,-8773.83351816,1482.89959027,-8759.41649276,false
132,386293,11.64,1162.38107693,-8769.78952082,1159.73904484,-8778.2524727,1165.02310902,-8761.32656893,false
133,386254,12.7,1245.71081566,-8723.93320782,1239.01310362,-8730.62114507,1252.40852771,-8717.24527058,false
134,386249,13.78,1499.56759574,-8713.6130472,1492.84817379,-8723.06492581,1506.28701768,-8704.16116859,false
135,386237,11.11,1452.38759264,-8694.69289872,1445.16456773,-8701.82534665,1459.61061755,-8687.5604508,false
136,386216,10.57,1136.85052544,-8672.26313874,1132.54708267,-8677.17543522,1141.1539682,-8667.35084227,false
137,386178,14.04,1332.40747821,-8628.02674341,1324.4926686,-8633.92373032,1340.32228782,-8622.12975649,false
138,386109,10.51,1180.64662582,-8536.67776365,1175.135732,-8543.44687611,1186.15751964,-8529.90865119,false
139,386078,12.71,1233.98632354,-8502.51016832,1228.63490333,-8508.3990711,1239.33774375,-8496.62126555,false
140,386068,10.24,1276.33713181,-8491.01777138,1271.89000634,-8497.94970478,1280.78425727,-8484.08583797,false
141,385969,13.73,975.85929455,-8372.76489409,969.43151907,-8378.14688675,982.28707004,-8367.38290143,false
142,385891,8.96,1061.57348651,-8252.86588505,1054.88461475,-8258.52225432,1068.26235826,-8247.20951579,false
143,385781,12.25,937.88445811,-8132.68700413,933.42658213,-8137.62890621,942.34233409,-8127.74510206,false
144,360465,7.97,981.04704413,-8895.00506305,974.94022533,-8898.90760512,987.15386293,-8891.10252097,false
145,360449,11.25,1654.88535328,-8861.10950587,1649.72378952,-8870.60634931,1660.04691704,-8851.61266244,false
146,360446,12.22,1469.48312752,-8860.20363928,1464.41486268,-8867.42962586,1474.55139235,-8852.9776527,false
147,360442,11.07,1264.29692246,-8867.57758796,1261.36649094,-8878.58003416,1267.22735398,-8856.57514176,false
148,360441,10.78,1321.17558229,-8862.01250468,1314.69266871,-8869.48183131,1327.65849586,-8854.54317805,false
149,360440,10.63,1230.9368502,-8864.14866244,1223.50414669,-8871.85062438,1238.36955372,-8856.4467005,false
150,360439,11.02,1381.97751349,-8858.22423391,1376.81680257,-8864.49385306,1387.13822442,-8851.95461476,false
151,360392,12.44,1307.39247001,-8821.11528858,1302.73354261,-8827.23657876,1312.05139741,-8814.9939984,false
152,360386,15.4,1348.71365869,-8815.55234019,1342.07902829,-8826.41551613,1355.34828908,-8804.68916425,false
153,360382,18.21,1221.54053413,-8814.36416776,1210.07440615,-8828.03263517,1233.0066621,-8800.69570034,false
154,360348,11.87,1266.67481054,-8766.72726667,1261.42038328,-8774.05449616,1271.92923779,-8759.40003718,false
155,360342,12.15,1095.99425525,-8767.54017613,1091.23505352,-8775.63058975,1100.75345698,-8759.4497625,false
156,360221,12.04,1143.72299007,-8629.89509581,1139.0870557,-8636.01728537,1148.35892443,-8623.77290625,false
157,360220,11.49,1083.24275669,-8632.13246038,1078.07566959,-8639.47356922,1088.4098438,-8624.79135153,false
158,360192,12.76,1360.17066177,-8580.57521751,1356.09019793,-8588.48860048,1364.25112561,-8572.66183453,false
159,360189,10.28,1346.27330355,-8576.4259203,1340.17846464,-8581.22909595,1352.36814246,-8571.62274465,false
160,360121,13.92,1026.05152988,-8499.19217034,1016.74784827,-8503.30848565,1035.35521148,-8495.07585502,false
161,360117,10.55,1289.46250757,-8489.88779669,1285.46439769,-8494.43282273,1293.46061744,-8485.34277065,false
162,360058,11.54,1071.95989783,-8445.14219665,1068.92691117,-8454.65625393,1074.9928845,-8435.62813938,false
163,360054,12.17,974.4951832,-8446.03765235,960.90734612,-8457.04013871,988.08302027,-8435.03516598,false
164,360052,13.91,1018.46784424,-8444.40446885,1008.8075207,-8458.1763385,1028.12816779,-8430.63259921,false
165,359962,12.31,871.47586137,-8359.07591164,862.88189743,-8364.11273615,880.06982531,-8354.03908713,false
166,359861,11.19,1077.52375337,-8253.01477247,1071.91558525,-8261.00090487,1083.13192149,-8245.02864006,false
167,359838,11.13,1170.90175172,-8216.93467079,1164.78814519,-8221.69983756,1177.01535825,-8212.16950401,false
168,359818,10.76,934.90143375,-8210.23706052,930.16606726,-8217.9592888,939.63680023,-8202.51483225,false
169,334257,11.82,1366.79642003,-8910.7304109,1362.58404958,-8919.60250608,1371.00879047,-8901.85831572,false
170,334210,11.19,1249.03570137,-8867.65250671,1246.39289151,-8878.43815765,1251.67851122,-8856.86685576,false
171,334143,11.53,1575.86153819,-8781.05395034,1561.39460953,-8790.08362772,1590.32846685,-8772.02427297,false
172,334127,10.91,1382.02194387,-8771.33681379,1377.41613086,-8786.29917265,1386.62775687,-8756.37445494,false
173,334125,11.29,1180.80437965,-8763.94254249,1173.91198904,-8768.60769163,1187.69677026,-8759.27739336,false
174,334119,11.59,1059.5236203,-8766.00040594,1054.88553647,-8773.04155887,1064.16170414,-8758.959253,false
175,334090,11.19,1115.21025401,-8722.48154413,1110.62212384,-8729.23355601,1119.79838417,-8715.72953226,false
176,334085,10.32,1290.72733385,-8719.84070297,1286.57189054,-8731.17368525,1294.88277716,-8708.50772069,false
177,333956,15.67,1169.58007779,-8594.65914723,1151.77691124,-8603.33288504,1187.38324434,-8585.98540941,false
178,333946,11.55,1230.71645622,-8577.13425152,1225.56529506,-8582.39990723,1235.86761738,-8571.86859582,false
179,333834,9.6,1086.5147827,-8449.71080115,1083.79620611,-8458.8450305,1089.23335928,-8440.57657179,false
180,333826,10.62,936.84373701,-8446.009907,930.25985803,-8455.58546088,943.42761598,-8436.43435312,false
181,333670,11.23,979.44286588,-8247.00427998,972.89181558,-8251.35852461,985.99391619,-8242.65003535,false
182,307982,10.15,1149.90735485,-9001.24373124,1145.45907007,-9006.05941615,1154.35563963,-8996.42804634,false
183,307937,10.93,1616.69875918,-8917.63129526,1608.41504087,-8923.81071435,1624.98247749,-8911.45187616,false
184,307802,12.89,1663.01887882,-8777.34004616,1658.66310896,-8783.54285325,1667.37464868,-8771.13723907,false
185,307739,11.95,1366.80459864,-8718.27896724,1360.9143052,-8730.8012206,1372.69489208,-8705.75671388,false
186,307695,11.27,1289.30908006,-8671.87055291,1285.63985398,-8679.80149897,1292.97830615,-8663.93960685,false
187,307690,11.62,1066.94709666,-8677.22180508,1060.27727739,-8688.97279278,1073.61691594,-8665.47081739,false
188,307657,11.1,1071.27770445,-8629.47357931,1066.87111083,-8638.99738674,1075.68429807,-8619.94977187,false
189,307621,12.5,1018.32137346,-8576.93697117,1012.11702074,-8583.86055575,1024.52572618,-8570.0133866,false
190,307621,12.5,1018.32137346,-8576.93697117,1012.11702074,-8583.86055575,1024.52572618,-8570.0133866,false
191,307617,13.3,870.30131271,-8577.64564828,864.72848487,-8584.05334744,875.87414055,-8571.23794912,false
192,307581,12.68,1246.94421967,-8519.86715596,1242.58473448,-8525.84264034,1251.30370486,-8513.89167159,false
193,307554,11.13,1304.58929555,-8492.41227986,1299.28244644,-8498.66788038,1309.89614466,-8486.15667933,false
194,307439,11.49,888.89934626,-8369.43501647,884.10741726,-8376.36991522,893.69127525,-8362.50011772,false
195,307374,12.34,977.42147559,-8285.24689414,970.6226517,-8289.38007517,984.22029949,-8281.11371312,false
196,307363,13.3,936.5898538,-8283.1618271,929.92357469,-8295.37817555,943.25613291,-8270.94547864,false
197,307323,11.88,859.69804545,-8248.52934121,854.71522617,-8255.05454046,864.68086472,-8242.00414196,false
198,281866,12.67,1351.19546289,-8954.34455155,1346.2557291,-8961.67424524,1356.13519668,-8947.01485786,false
199,281796,18.21,1582.39413963,-8863.70286934,1574.18073883,-8866.68270191,1590.60754043,-8860.72303676,false
200,203414,17.16,1583.899859,-8854.9184953,1576.28192377,-8862.08740774,1591.51779422,-8847.74958287,false
201,103121,18.77,1580.70855618,-8875.55956205,1570.67510517,-8884.60990245,1590.74200719,-8866.50922166,false
202,281792,10.83,1502.29878578,-8861.34264985,1498.56233742,-8867.17113339,1506.03523415,-8855.51416632,false
203,281787,11.56,1305.89284553,-8860.58828423,1301.60296656,-8866.98842464,1310.1827245,-8854.18814382,false
204,281786,10.93,1123.81582772,-8869.0898241,1120.98164689,-8879.6699397,1126.65000855,-8858.50970851,false
205,281673,10.81,1154.55252969,-8725.49278868,1150.49922557,-8732.6949015,1158.60583382,-8718.29067586,false
206,281666,11.93,1030.5887135,-8723.17976061,1025.61488567,-8731.7558407,1035.56254134,-8714.60368052,false
207,281600,11.83,1113.68136465,-8633.33443578,1108.39018558,-8637.24262733,1118.97254371,-8629.42624423,false
208,281559,10.63,975.48179188,-8592.32229451,968.79038319,-8596.07034652,982.17320057,-8588.57424251,false
209,281549,10.92,1177.00671406,-8574.32021715,1165.31894744,-8580.36253311,1188.69448069,-8568.27790119,false
210,281494,10.01,975.88345264,-8500.07187078,970.97942298,-8504.94720899,980.7874823,-8495.19653257,false
211,281486,10.11,1070.18601696,-8496.00035275,1065.90018981,-8505.71686126,1074.47184411,-8486.28384424,false
212,281451,8.94,874.2012691,-8448.37690568,870.92426005,-8456.48114391,877.47827814,-8440.27266744,false
213,281386,11.52,1149.14431258,-8344.73151655,1131.13390871,-8349.50274032,1167.15471646,-8339.96029278,false
214,281378,11.53,1276.92802647,-8325.36230509,1272.15632505,-8329.07995718,1281.69972789,-8321.644653,false
215,281374,11.55,981.70890162,-8323.68792163,975.05900787,-8327.20172246,988.35879536,-8320.17412081,false
216,281266,11.61,946.65755416,-8213.66504611,942.0948239,-8218.59983152,951.22028442,-8208.73026069,false
217,255755,13.23,1414.64676668,-8914.31736727,1409.68857679,-8921.65131329,1419.60495656,-8906.98342125,false
218,255748,11.18,1232.91571853,-8914.39985632,1228.71343932,-8922.40859069,1237.11799775,-8906.39112195,false
219,255738,12.27,1215.21467194,-8908.68925523,1209.80912963,-8922.185024,1220.62021425,-8895.19348645,false
220,255737,10.51,1181.95354475,-8907.29850944,1177.04560968,-8920.84750575,1186.86147981,-8893.74951314,false
221,255690,13.73,1166.25272532,-8866.03894302,1161.22297982,-8876.58128902,1171.28247083,-8855.49659702,false
222,255669,14.68,1584.41903715,-8823.20835523,1578.40294725,-8830.14361985,1590.43512705,-8816.27309061,false
223,255665,11.52,1430.68065761,-8818.82494598,1425.0838735,-8824.8081076,1436.27744173,-8812.84178435,false
224,255663,12.68,1416.26448634,-8818.22514842,1410.67710515,-8824.88781472,1421.85186752,-8811.56248212,false
225,255655,10.27,1281.79970923,-8815.14039569,1274.42612613,-8826.9131929,1289.17329234,-8803.36759848,false
226,255616,10.91,1366.90425078,-8771.15992449,1360.64756002,-8785.59118177,1373.16094154,-8756.72866721,false
227,255607,10.93,975.40082936,-8763.68731107,963.3221283,-8769.48009736,987.47953042,-8757.89452479,false
228,255581,10.38,1015.43917329,-8723.96860973,1011.84484009,-8730.32644366,1019.03350649,-8717.61077581,false
229,255547,12.01,1368.34020251,-8671.67877819,1362.74233693,-8679.5443576,1373.93806808,-8663.81319878,false
230,255544,18.38,1102.36069677,-8680.41298112,1091.45916384,-8694.00064018,1113.26222969,-8666.82532207,false
231,255541,11.47,1047.64454087,-8673.7211722,1037.87235978,-8681.25646759,1057.41672195,-8666.18587681,false
232,255484,12,1054.4671939,-8579.76722428,1049.70006315,-8589.47461332,1059.23432465,-8570.05983524,false
233,255384,11.3,1152.79812223,-8450.87235926,1147.38619865,-8457.73559821,1158.2100458,-8444.00912031,false
234,255377,11.63,1064.5050379,-8445.27997348,1061.39224387,-8454.70638029,1067.61783193,-8435.85356667,false
235,307462,23.37,1164.1148735,-8411.66562678,1144.77927117,-8429.58444844,1183.45047582,-8393.74680513,false
236,255309,12.23,905.20841012,-8353.94360126,897.84808767,-8357.07024517,912.56873257,-8350.81695735,false
237,255293,10.53,1135.67475632,-8335.25564439,1131.40210787,-8339.00559524,1139.94740478,-8331.50569354,false
238,255232,15.08,883.30964463,-8284.51129637,877.7241085,-8292.68579815,888.89518076,-8276.33679459,false
239,229851,12.33,1136.30605545,-9005.17816186,1131.49469154,-9012.48776331,1141.11741936,-8997.86856041,false
240,229848,8.43,1513.55555409,-8988.34886768,1505.91135443,-8992.41246793,1521.19975374,-8984.28526742,false
241,229715,9.26,1625.90018343,-8797.52235728,1621.75099953,-8801.57071696,1630.04936732,-8793.4739976,false
242,229492,11.32,1229.95761073,-8537.83510121,1225.43905846,-8545.96284252,1234.476163,-8529.70735989,false
243,229455,11.46,1056.78444279,-8493.91894504,1053.712884,-8503.43875394,1059.85600158,-8484.39913615,false
244,229424,12.23,1106.20860343,-8447.85100786,1099.92865379,-8454.20192868,1112.48855307,-8441.50008703,false
245,229417,10.86,891.46253825,-8448.0592888,886.72052682,-8454.7565925,896.20454967,-8441.36198511,false
246,229416,12.19,1180.59055693,-8437.37645269,1176.36062474,-8442.03885382,1184.82048913,-8432.71405156,false
247,229306,12.36,905.1480738,-8335.24220576,897.35581762,-8349.94918931,912.94032998,-8320.53522222,false
248,203413,11.06,1256.65201051,-8867.6987712,1253.89216459,-8878.64278208,1259.41185643,-8856.75476032,false
249,203381,10.33,1445.24841622,-8818.81570715,1439.46904024,-8822.90255443,1451.02779219,-8814.72885987,false
250,203376,10.68,1331.09992138,-8819.26513652,1327.09379206,-8825.88432417,1335.10605069,-8812.64594887,false
251,203360,11.99,1263.46911254,-8815.11242779,1256.24769826,-8827.10768631,1270.69052681,-8803.11716927,false
252,203358,12.93,1579.2624107,-8797.90701743,1567.9458054,-8802.40559051,1590.579016,-8793.40844435,false
253,203323,12.11,1230.5849045,-8764.87641672,1225.94280491,-8771.51520337,1235.22700408,-8758.23763007,false
254,203321,10.65,935.15209496,-8771.52197142,929.3964836,-8780.3449985,940.90770632,-8762.69894433,false
255,203152,11.04,1310.17617106,-8536.24572088,1304.596784,-8541.51333275,1315.75555813,-8530.97810901,false
256,203133,11.61,1163.90367861,-8533.59657345,1159.53981797,-8544.94738505,1168.26753924,-8522.24576185,false
257,203022,17.62,1100.64719739,-8406.61143569,1094.05583748,-8416.59326302,1107.2385573,-8396.62960835,false
258,202971,12.85,1260.79523884,-8337.31797792,1254.29300525,-8353.66621755,1267.29747244,-8320.9697383,false
259,177413,11.77,1091.54894581,-9003.80471226,1087.3090177,-9013.12551331,1095.78887392,-8994.48391121,false
260,177396,21.68,1632.18914704,-8965.93361495,1610.79945503,-8979.22952047,1653.57883905,-8952.63770943,false
261,177352,12.9,1283.18425219,-8915.3201087,1278.01346398,-8921.47186054,1288.35504039,-8909.16835686,false
262,177298,12.57,1289.81405248,-8860.76898669,1284.06217251,-8867.66692976,1295.56593246,-8853.87104363,false
263,177259,11.02,1245.22388614,-8821.33525768,1240.68464435,-8828.08969053,1249.76312793,-8814.58082482,false
264,177212,11.38,1319.21597799,-8767.49728171,1315.02010909,-8773.85844334,1323.4118469,-8761.13612007,false
265,177210,14.87,1289.88934982,-8768.07934099,1284.97522235,-8774.82583068,1294.8034773,-8761.3328513,false
266,177099,12.48,1240.86215355,-8632.87646025,1236.2835603,-8639.68858822,1245.4407468,-8626.06433228,false
267,177098,11.39,1257.04280215,-8632.55815899,1252.85226923,-8639.71952728,1261.23333506,-8625.3967907,false
268,177085,12.57,1349.02870992,-8621.55858363,1344.32682044,-8632.90504215,1353.73059941,-8610.21212511,false
269,177077,22.12,910.00876259,-8621.3612077,894.09399206,-8631.89211949,925.92353312,-8610.8302959,false
270,177042,10.63,904.92230022,-8576.91362544,898.6474458,-8581.07615413,911.19715464,-8572.75109674,false
271,281373,9.4,1074.62666376,-8333.32872984,1062.98354609,-8348.90454836,1086.26978143,-8317.75291132,false
272,176761,12.18,1169.83642397,-8259.8800988,1162.93079184,-8267.10893282,1176.7420561,-8252.65126479,false
273,176706,11.09,982.57848652,-8210.54677775,978.78816659,-8215.51231093,986.36880644,-8205.58124456,false
274,151362,10.13,1431.31522203,-8953.35843775,1424.77505146,-8958.24566809,1437.8553926,-8948.47120741,false
275,151341,13.08,1537.08051228,-8913.27348178,1530.56759259,-8917.9764321,1543.59343196,-8908.57053146,false
276,151294,14.23,1565.89806194,-8856.5968031,1560.45803718,-8864.56712672,1571.3380867,-8848.62647949,false
277,151293,11.21,1271.87356791,-8867.27338635,1269.1235179,-8877.86120331,1274.62361792,-8856.68556939,false
278,151288,13.85,1180.83143343,-8865.75599561,1175.87809,-8876.28270534,1185.78477686,-8855.22928587,false
279,151277,16.41,1059.74592085,-8857.35203702,1051.78799227,-8864.28118018,1067.70384943,-8850.42289385,false
280,151029,13.01,974.72025946,-8537.82080385,970.34516525,-8542.49232464,979.09535367,-8533.14928305,false
281,150932,10.33,953.79425906,-8447.20589958,948.65221715,-8454.09045957,958.93630098,-8440.32133959,false
282,150763,10.85,909.84530848,-8211.93645367,904.71463588,-8216.09330367,914.97598108,-8207.77960367,false
283,150707,13.32,966.41588315,-8128.90654813,959.83054504,-8138.0231614,973.00122126,-8119.78993487,false
284,103628,11.65,1119.6023178,-9012.01314676,1114.74418827,-9018.59963254,1124.46044734,-9005.42666098,false
285,103581,11.26,1056.11976939,-9000.68756526,1046.59100112,-9007.96870646,1065.64853766,-8993.40642407,false
286,103564,9.34,1179.2998686,-8990.75731193,1173.24244565,-8997.22366604,1185.35729154,-8984.29095782,false
287,103533,13.49,1583.34606849,-8970.07026587,1576.00493884,-8979.26745199,1590.68719813,-8960.87307975,false
288,103485,9.92,1460.99329281,-8962.24541171,1456.79169714,-8972.23942252,1465.19488848,-8952.2514009,false
289,103466,10.78,1366.20628732,-8958.89629569,1361.07775284,-8967.99443665,1371.3348218,-8949.79815473,false
290,103454,10.54,1339.37477801,-8956.43090681,1335.82073229,-8965.45003047,1342.92882374,-8947.41178315,false
291,103442,10.46,1216.9185091,-8958.95465447,1209.64830572,-8969.30296971,1224.18871249,-8948.60633923,false
292,103417,13.84,1021.18583494,-8957.10654083,1016.45562147,-8964.96347648,1025.91604841,-8949.24960518,false
293,103356,11.2,1691.37240801,-8915.23563945,1686.30484887,-8919.62842381,1696.43996716,-8910.8428551,false
294,103345,12.88,1662.07633111,-8913.62570147,1658.0394773,-8919.15791834,1666.11318492,-8908.09348461,false
295,103325,11.45,1648.76967457,-8912.11377389,1644.32641675,-8920.3269611,1653.21293239,-8903.90058668,false
296,103314,11.5,1461.04839882,-8913.10764464,1456.80492038,-8918.71424191,1465.29187726,-8907.50104736,false
297,103307,11.61,1446.0376264,-8913.84922175,1441.75147188,-8920.85603696,1450.32378093,-8906.84240655,false
298,103283,12.8,1334.5762068,-8911.44548945,1329.40311506,-8917.68066005,1339.74929854,-8905.21031885,false
299,103192,12.23,1115.12975815,-8900.87709384,1111.37819801,-8904.74708486,1118.88131829,-8897.00710281,false
300,412563,10.04,1644.3805047,-8864.3945624,1640.84064539,-8880.09953682,1647.920364,-8848.68958799,false
301,103112,11.86,1365.84431325,-8877.28868354,1347.30207055,-8883.80533322,1384.38655594,-8870.77203385,false
302,103110,10.29,979.28628272,-8884.24330551,973.09863566,-8887.86421875,985.47392978,-8880.62239227,false
303,103074,11.31,1738.90532796,-8860.83154019,1734.2816608,-8870.36190228,1743.52899511,-8851.3011781,false
304,103038,12.13,1619.21985707,-8853.73268909,1608.56886157,-8859.69990582,1629.87085257,-8847.76547235,true
305,103038,12.13,1619.21985707,-8853.73268909,1608.56886157,-8859.69990582,1629.87085257,-8847.76547235,false
306,103027,10.89,1131.55404387,-8869.0569425,1128.96592983,-8879.55565822,1134.14215791,-8858.55822678,false
307,103019,11.19,1216.92869649,-8864.74116378,1212.21426801,-8874.36371882,1221.64312496,-8855.11860874,false
308,102894,11.11,1652.27577295,-8818.82721635,1648.5223149,-8825.94380255,1656.029231,-8811.71063015,false
309,102830,10.78,1103.7779989,-8821.90414072,1098.71814164,-8829.04052776,1108.83785615,-8814.76775368,false
310,102829,11.81,1118.47513946,-8821.54594393,1113.7928487,-8829.02690381,1123.15743022,-8814.06498406,false
311,102816,12.07,1136.87350436,-8819.46269014,1132.49984029,-8827.95526452,1141.24716842,-8810.97011575,false
312,102800,12.48,1075.03475203,-8816.70034773,1069.75459907,-8825.95091468,1080.31490499,-8807.44978078,false
313,102784,11.28,1382.22528986,-8801.08264784,1378.07942831,-8805.66754913,1386.37115142,-8796.49774656,false
314,102771,15.99,1168.55535991,-8815.61185457,1161.12530262,-8831.013367,1175.9854172,-8800.21034213,false
315,102764,10.83,1091.55735328,-8815.20142371,1086.89996323,-8830.01674134,1096.21474333,-8800.38610609,false
316,102752,12.36,971.10131068,-8815.20156,956.23568319,-8828.54537009,985.96693816,-8801.8577499,false
317,102678,10.97,974.40474252,-8783.90061833,967.79561561,-8789.25301887,981.01386943,-8778.54821778,false
318,102656,12.68,1508.27365438,-8765.81956439,1503.5095434,-8772.2600992,1513.03776536,-8759.37902957,false
319,102634,11.84,1351.24299269,-8765.77112237,1347.55100199,-8773.36640317,1354.93498338,-8758.17584157,false
320,102615,10.88,1151.01860176,-8766.32673689,1146.10987776,-8773.22604806,1155.92732575,-8759.42742572,false
321,102609,11.78,1133.63152319,-8766.55625693,1129.39962776,-8774.28231987,1137.86341863,-8758.83019399,false
322,102596,9.97,921.15505653,-8767.35133513,915.93372953,-8772.18974909,926.37638354,-8762.51292118,false
323,102489,11.3,1262.67272047,-8726.44807819,1257.1033826,-8731.29154042,1268.24205835,-8721.60461595,false
324,102478,11.81,1351.4750329,-8725.35748089,1346.4392084,-8734.23180741,1356.51085739,-8716.48315436,false
325,102463,12.35,1134.07888698,-8725.04261985,1128.99263885,-8730.76167501,1139.16513512,-8719.3235647,false
326,102399,10.72,1416.74302569,-8702.21999817,1412.16408607,-8707.37983611,1421.32196532,-8697.06016023,false
327,102299,11.87,1382.41658155,-8676.45964438,1377.6443296,-8682.16764367,1387.1888335,-8670.7516451,false
328,102277,11.63,1336.51434764,-8670.54887136,1332.00966764,-8676.86903866,1341.01902763,-8664.22870407,false
329,102161,16.6,1372.66043686,-8638.40310073,1365.59117331,-8642.3721597,1379.72970042,-8634.43404176,false
330,102113,12.64,1302.75143104,-8631.56556727,1299.28528592,-8639.00671713,1306.21757616,-8624.12441741,false
331,102014,12.08,1013.58887412,-8625.06103489,1006.81723059,-8641.31097979,1020.36051764,-8608.81108999,false
332,101911,11.63,1278.97548172,-8584.35652752,1269.86117711,-8596.75273497,1288.08978634,-8571.96032007,false
333,101909,9.2,1261.18929069,-8575.78053936,1256.92669273,-8579.54260883,1265.45188865,-8572.0184699,false
334,101899,10.75,1246.7476688,-8578.74705489,1240.93180596,-8586.01771367,1252.56353165,-8571.47639612,false
335,101885,11.64,1295.32951308,-8584.56588876,1289.8019112,-8602.56783225,1300.85711496,-8566.56394527,false
336,101864,13.49,1037.70768259,-8577.0689111,1031.74405316,-8584.75862502,1043.67131201,-8569.37919718,false
337,101863,12.91,921.02846524,-8580.87605427,914.13349901,-8589.49830146,927.92343148,-8572.25380708,false
338,101767,12.21,1379.05871578,-8539.01752104,1373.38843828,-8543.79197478,1384.72899329,-8534.24306731,false
339,101749,11.51,1346.65775033,-8536.75114731,1342.15395071,-8542.59132766,1351.16154996,-8530.91096695,false
340,101507,16.91,1174.02476556,-8489.39851292,1164.48667692,-8497.62250613,1183.56285421,-8481.17451971,false
341,101508,11.74,1049.0442791,-8493.66525043,1046.01065236,-8502.82463421,1052.07790584,-8484.50586665,false
342,101481,13.23,947.91334,-8491.48983678,937.9488729,-8502.23237238,957.8778071,-8480.74730118,false
343,101369,12.8,1177.82258357,-8451.96735085,1170.95775175,-8455.98718703,1184.68741539,-8447.94751467,false
344,101336,11.22,1303.74891227,-8446.02475864,1300.73983266,-8454.71177762,1306.75799188,-8437.33773966,false
345,101305,14.87,1233.50980302,-8439.77259499,1220.82135443,-8447.28464228,1246.19825161,-8432.26054771,false
346,101293,11.04,1079.79894142,-8445.26831098,1076.91753299,-8454.65946807,1082.68034986,-8435.87715388,false
347,101289,13.71,912.05685615,-8447.32511022,907.89127451,-8454.44388365,916.2224378,-8440.2063368,false
348,101113,18.36,1137.72607931,-8412.46476654,1132.90129092,-8428.90024643,1142.55086771,-8396.02928664,false
349,100967,14.56,951.55293446,-8369.02815459,946.96436027,-8376.29228491,956.14150866,-8361.76402427,false
350,100930,15.04,1014.77014133,-8358.63817953,1008.36635894,-8366.49662057,1021.17392371,-8350.77973848,false
351,100596,12.11,1098.82855997,-8290.0132617,1067.76878517,-8308.43743721,1129.88833478,-8271.58908618,false
352,100575,13,913.27866599,-8283.30125082,905.89497343,-8295.28971784,920.66235854,-8271.31278381,false
353,100320,10.32,873.73026919,-8212.3819541,869.09246419,-8216.26580472,878.36807419,-8208.49810349,false
354,100288,11.48,1015.82561166,-8205.15195879,1009.92974162,-8217.61759784,1021.72148169,-8192.68631974,false
355,100036,9.6,900.84242008,-8131.60045091,898.69130564,-8137.20095901,902.99353452,-8125.9999428,false
356,334474,15.95,1851.36525118,-9248.79871744,1808.23987434,-9283.09309831,1894.49062803,-9214.50433657,false
357,334512,17.96,1883.29736442,-9272.42275879,1865.30834922,-9280.17751068,1901.28637962,-9264.6680069,false
358,256040,9.89,1917.84632389,-9306.57532874,1910.89883383,-9309.23392673,1924.79381396,-9303.91673075,false
359,151611,10.82,1963.90371519,-9297.69785075,1956.75287599,-9300.90340145,1971.0545544,-9294.49230004,false
360,412863,15.66,1454.05727109,-9289.10233316,1450.03441841,-9294.66517177,1458.08012377,-9283.53949455,false
361,412856,11.7,1280.35360278,-9290.50398415,1276.01986796,-9296.97995711,1284.68733761,-9284.0280112,false
362,412806,13.17,1501.20056985,-9197.49980797,1494.72052447,-9202.02410851,1507.68061524,-9192.97550742,false
363,386668,11.8,1301.47803294,-9285.08950388,1298.92211962,-9293.56864502,1304.03394626,-9276.61036273,false
364,386590,18.47,1626.3241697,-9154.83926677,1616.98012544,-9164.06612956,1635.66821396,-9145.61240398,false
365,386510,14.94,1546.42048186,-9047.25271156,1541.64579651,-9053.85825626,1551.1951672,-9040.64716686,false
366,360748,14.25,1379.00649732,-9291.39792096,1373.63441951,-9299.04051285,1384.37857513,-9283.75532907,false
367,360682,10.73,1486.85839776,-9183.19246184,1483.70413232,-9191.04273329,1490.01266321,-9175.3421904,false
368,334566,17.02,1326.03278084,-9369.72008395,1318.97761966,-9376.41551676,1333.08794203,-9363.02465114,false
369,334510,11.73,1293.59027438,-9284.94822717,1290.62344436,-9293.73277736,1296.5571044,-9276.16367698,false
370,308061,11.61,1646.45956408,-9096.02299463,1641.44901113,-9106.22638401,1651.47011702,-9085.81960525,false
371,282113,16.81,1317.21674083,-9346.88102436,1309.67187467,-9352.60724832,1324.76160698,-9341.1548004,false
372,282053,12.2,1224.34272445,-9244.86395123,1221.53834919,-9253.79539194,1227.14709971,-9235.93251053,false
373,282001,18.21,1361.37291774,-9160.80186104,1346.40224159,-9175.27722318,1376.34359389,-9146.3264989,false
374,281953,18.01,1661.9237786,-9061.06624739,1655.4956573,-9073.10117641,1668.35189989,-9049.03131837,false
375,255979,16.86,1468.58963498,-9239.39739017,1463.47158782,-9247.96469597,1473.70768213,-9230.83008437,false
376,255950,11.5,1429.8127882,-9196.58729421,1423.13892309,-9202.29663747,1436.48665331,-9190.87795095,false
377,255926,12.6,1511.51952401,-9155.72237673,1507.2209854,-9160.71815239,1515.81806263,-9150.72660107,false
378,255856,14.5,1414.61257128,-9062.46139091,1409.95350283,-9071.10536216,1419.27163972,-9053.81741966,false
379,103836,13.19,1616.32704845,-9062.39579266,1610.87699107,-9073.38617603,1621.77710583,-9051.40540929,false
380,230047,11.31,1563.34189118,-9277.59949087,1559.70502831,-9283.15793963,1566.97875406,-9272.0410421,false
381,230013,11.28,1668.83175036,-9244.01672686,1657.65433379,-9262.09602231,1680.00916693,-9225.93743141,false
382,229978,11.31,1619.25579494,-9175.4844775,1607.87702499,-9179.86671219,1630.63456489,-9171.10224282,false
383,229895,11.25,1487.55500863,-9048.23358724,1481.0780626,-9053.65086192,1494.03195466,-9042.81631256,false
384,177549,12.1,1414.42388369,-9196.66030653,1407.8324729,-9202.6688197,1421.01529447,-9190.65179337,false
385,177535,16.7,1569.14670925,-9159.23326874,1548.48634846,-9167.93665866,1589.80707004,-9150.52987883,false
386,177482,23.85,1624.26474005,-9089.75940711,1610.01908019,-9104.22445591,1638.5103999,-9075.29435831,false
387,177482,23.85,1624.26474005,-9089.75940711,1610.01908019,-9104.22445591,1638.5103999,-9075.29435831,false
388,151564,13.67,1575.072505,-9239.65195162,1566.86870582,-9244.7334004,1583.27630417,-9234.57050284,false
389,151561,10.06,1545.90304344,-9241.48451757,1541.76430413,-9249.40303988,1550.04178274,-9233.56599527,false
390,151534,12.13,1443.56311917,-9196.43441054,1439.37407441,-9202.05575592,1447.75216392,-9190.81306516,false
391,151460,15.75,1318.20506218,-9118.24015065,1281.09511362,-9149.34453022,1355.31501074,-9087.13577108,false
392,104869,18.68,1378.49314528,-9380.94488717,1364.75999468,-9402.47829667,1392.22629587,-9359.41147768,false
393,104613,11.66,1578.09824267,-9275.55099121,1572.80084505,-9280.90292776,1583.39564029,-9270.19905465,false
394,104592,11.19,1706.29822257,-9276.66523918,1654.36693673,-9292.65462783,1758.22950841,-9260.67585052,false
395,104466,12.07,1231.79566617,-9248.18743646,1228.3285888,-9257.01289109,1235.26274355,-9239.36198183,false
396,104444,12,1212.91840196,-9239.55368392,1206.78847487,-9244.67189034,1219.04832904,-9234.43547749,false
397,104301,12,1458.76554469,-9195.9968107,1454.36166349,-9202.50697034,1463.16942589,-9189.48665106,false
398,104295,11.87,1174.83119009,-9198.7937063,1164.08004438,-9203.07530034,1185.58233581,-9194.51211225,false
399,104289,10.74,1648.03864888,-9192.91286667,1643.19440319,-9205.65401414,1652.88289456,-9180.1717192,false
400,104234,12.04,1176.52830845,-9181.18446104,1171.4804802,-9187.75384541,1181.5761367,-9174.61507667,false
401,104171,11.67,1644.84298671,-9148.7339744,1639.60963143,-9160.75272192,1650.07634199,-9136.71522688,false
402,103971,12.89,1467.26742535,-9095.19755143,1463.23860319,-9101.56235741,1471.2962475,-9088.83274546,false
403,103847,9.7,1582.67846518,-9060.32857798,1575.41404657,-9064.3868553,1589.94288379,-9056.27030067,false
404,103795,9.12,1524.87947913,-9047.19454763,1521.31895954,-9052.08981992,1528.43999872,-9042.29927534,false
405,202799,12.23,666.52813735,-8124.00820926,637.44345229,-8142.48047106,695.61282241,-8105.53594746,false
406,202799,12.89,666.52813735,-8124.00820926,637.44345229,-8142.48047106,695.61282241,-8105.53594746,false
407,203960,12.95,870.19379675,-9646.80633766,864.71084067,-9651.70847552,875.67675282,-9641.90419981,false
408,151304,8.55,487.84766098,-8934.90054039,472.30323522,-8983.90775791,503.39208675,-8885.89332288,false
409,104993,11.03,1161.79538339,-9442.43386102,1149.40789556,-9475.85187581,1174.18287121,-9409.01584623,false
410,412674,9.16,363.06139359,-9045.75551296,273.30889033,-9053.25474836,452.81389684,-9038.25627756,false
411,103643,11.49,558.46149662,-9035.2847948,525.36909904,-9045.126785,591.55389421,-9025.4428046,false
412,103425,11.38,525.52532833,-9005.25063436,504.3541048,-9045.93449438,546.69655185,-8964.56677435,false
413,177608,12.03,880.56853079,-9294.7611477,875.99728421,-9301.34848035,885.13977737,-9288.17381505,false
414,100926,10.73,212.58748485,-8378.52107324,207.15405031,-8384.82332813,218.0209194,-8372.21881835,false
415,386281,11.64,695.70304475,-8769.60511197,691.95390619,-8777.36553882,699.45218331,-8761.84468512,false
416,281894,10.01,663.88474629,-9009.96145022,659.62157663,-9015.46257042,668.14791594,-9004.46033001,false
417,334319,11.3,685.50181297,-9013.11254532,680.53018689,-9018.87364235,690.47343905,-9007.35144828,false
418,102721,11.92,652.75542718,-8816.76129822,636.04099239,-8832.99494658,669.46986197,-8800.52764986,false
419,255447,12.82,201.12154904,-8596.39822529,173.35513617,-8645.47668822,228.88796192,-8547.31976235,false
420,412627,12.13,720.36491269,-8959.44224907,713.98536112,-8967.95002786,726.74446427,-8950.93447028,false
421,412625,11.06,614.62108861,-8957.15210004,610.57301101,-8963.97668153,618.66916622,-8950.32751855,false
422,386370,10.77,687.24499541,-8865.2929842,682.35540483,-8876.23761751,692.134586,-8854.3483509,false
423,386369,13.39,751.41822783,-8858.89610233,746.98959066,-8865.83864363,755.846865,-8851.95356104,false
424,386317,13.42,627.04218955,-8818.30052971,622.03044598,-8828.61818468,632.05393313,-8807.98287474,false
425,386280,10.99,665.48812913,-8770.18716633,660.96564094,-8777.91828525,670.01061732,-8762.4560474,false
426,360545,10.63,645.41104466,-9002.94618573,641.58637666,-9009.37568854,649.23571266,-8996.51668291,false
427,360520,10.88,763.32819817,-8957.00035225,757.99178121,-8961.68263592,768.66461514,-8952.31806859,false
428,360515,11.55,632.80867309,-8963.05069748,627.20233662,-8973.17866451,638.41500956,-8952.92273045,false
429,360476,12.19,573.9129083,-8917.30764637,567.9568244,-8924.40807291,579.86899219,-8910.20721983,false
430,360475,10.49,630.83360777,-8916.37640185,626.59393276,-8924.01130191,635.07328278,-8908.74150179,false
431,360474,11.16,687.53251878,-8915.93211928,681.30784016,-8925.00381821,693.7571974,-8906.86042034,false
432,360436,11.59,674.22003853,-8876.77283587,669.2336207,-8884.7769088,679.20645636,-8868.76876293,false
433,360422,13.44,657.37332143,-8865.98970065,651.90483476,-8873.95708646,662.8418081,-8858.02231484,false
434,360062,12.57,408.96075068,-8464.00822648,401.22785323,-8471.18318231,416.69364812,-8456.83327065,false
435,334283,9.83,826.17021598,-8958.96184863,820.37852798,-8963.36817042,831.96190399,-8954.55552685,false
436,334238,12.17,827.90835532,-8912.61446311,821.57907643,-8920.1104672,834.2376342,-8905.11845902,false
437,334152,13.57,611.50399401,-8818.44660663,606.40915838,-8828.82499902,616.59882965,-8808.06821425,false
438,333812,15.9,162.804636,-8453.65003005,156.28976257,-8459.77528716,169.31950942,-8447.52477294,false
439,333764,17.56,400.25813558,-8415.2231329,377.93795867,-8453.72933317,422.57831249,-8376.71693263,false
440,333662,11.11,260.38772303,-8278.70730676,226.49228753,-8309.40696018,294.28315852,-8248.00765334,false
441,307978,11.05,721.69270165,-9003.89337733,718.92340455,-9014.05243899,724.46199876,-8993.73431567,false
442,307933,8.05,378.09199594,-8955.57573123,303.40572191,-8970.27106156,452.77826997,-8940.8804009,false
443,307920,10.96,766.47513591,-8920.22457103,762.08375049,-8924.47158506,770.86652134,-8915.977557,false
444,307885,11.74,776.54091506,-8882.722448,768.11780828,-8887.13019548,784.96402184,-8878.31470052,false
445,281888,11.41,744.54424782,-9003.5429067,741.66214642,-9013.7461755,747.42634922,-8993.3396379,false
446,281858,12.18,865.1480182,-8958.04188183,859.57895547,-8965.05131292,870.71708093,-8951.03245075,false
447,281853,10.66,689.72389401,-8956.04706221,685.39881247,-8962.16803455,694.04897556,-8949.92608986,false
448,281729,13.71,681.00435886,-8819.73202494,675.18551629,-8829.88874443,686.82320142,-8809.57530545,false
449,281456,10.36,430.53938856,-8471.08450858,419.85490192,-8479.94925502,441.22387521,-8462.21976215,false
450,255806,13.55,702.82030855,-9012.57326045,697.76009466,-9018.50097668,707.88052243,-9006.64554422,false
451,255770,11.84,649.3993353,-8959.34368636,644.65627423,-8967.27079706,654.14239638,-8951.41657565,false
452,255725,10.4,778.59647959,-8899.67061047,772.3822004,-8904.35434045,784.81075878,-8894.98688049,false
453,255709,7.81,400.61607328,-8906.82473697,348.25016317,-8921.70712488,452.98198339,-8891.94234907,false
454,255604,11.77,507.87998161,-8790.71071238,450.57687879,-8811.67795721,565.18308442,-8769.74346756,false
455,255474,11.99,646.00184709,-8589.20650106,605.30805713,-8606.08268149,686.69563704,-8572.33032062,false
456,255401,10.86,523.95807223,-8489.65679694,517.96473277,-8496.03289123,529.95141169,-8483.28070266,false
457,255328,13.5,203.71470862,-8400.86204905,188.25967649,-8411.80519565,219.16974076,-8389.91890246,false
458,229751,10.3,819.23038041,-8864.84363564,814.91893384,-8872.79988849,823.54182698,-8856.88738279,false
459,229750,13.22,641.66396757,-8868.15036841,636.53689358,-8874.73915193,646.79104157,-8861.56158488,false
460,229748,11.01,731.59049998,-8868.65767207,725.04981916,-8879.56207,738.13118079,-8857.75327415,false
461,229741,12.02,772.50466609,-8860.93413049,759.69141162,-8870.11710716,785.31792055,-8851.75115382,false
462,229633,17.76,675.32778075,-8727.06441563,663.35764346,-8736.60986277,687.29791803,-8717.5189685,false
463,229222,11.6,174.14963171,-8304.45089528,156.93543778,-8359.92755717,191.36382563,-8248.9742334,false
464,203446,12.34,713.38835615,-8918.00708412,710.70909749,-8924.07841972,716.06761481,-8911.93574852,false
465,203434,11.22,615.80592766,-8911.04646839,609.05007189,-8918.7287847,622.56178344,-8903.36415209,false
466,203354,11.43,747.47237766,-8819.98168455,743.03662519,-8828.19449421,751.90813013,-8811.7688749,false
467,203312,12.98,681.37122137,-8770.9988316,676.23508996,-8778.94222161,686.50735278,-8763.0554416,false
468,177410,14.19,858.51381522,-9005.82409439,853.58807476,-9012.83953942,863.43955568,-8998.80864936,false
469,177201,10.62,747.19543729,-8771.49139197,743.28490384,-8777.14961104,751.10597074,-8765.8331729,false
470,176938,11.36,477.35775501,-8466.59048627,469.67099259,-8475.57623866,485.04451743,-8457.60473389,false
471,151350,14.53,779.04957603,-8958.86494894,773.77011502,-8965.46400222,784.32903704,-8952.26589565,false
472,150990,9.2,175.33542912,-8532.24952766,171.32524722,-8541.71729016,179.34561102,-8522.78176517,false
473,150841,9.37,303.5511466,-8348.494603,272.69844123,-8373.08330258,334.40385197,-8323.90590343,false
474,103615,10.66,773.66210549,-9015.6635525,764.18825049,-9019.94856697,783.1359605,-9011.37853802,false
475,103567,11.8,733.62138337,-9006.27001627,728.69477062,-9014.85519664,738.54799612,-8997.68483591,false
476,103550,10.97,775.22160874,-8993.70945853,769.04673567,-8997.99488006,781.39648181,-8989.42403699,false
477,103495,8.16,366.77720877,-9004.27207069,280.77878823,-9019.33030472,452.77562931,-8989.21383666,false
478,103421,10,851.96411181,-8958.63701943,846.64737565,-8963.14410982,857.28084797,-8954.12992904,false
479,103420,9.95,839.36465513,-8960.04766467,834.37554258,-8965.51410268,844.35376768,-8954.58122666,false
480,103413,11.61,813.38829613,-8958.60743174,808.41493181,-8964.27141474,818.36166045,-8952.94344873,false
481,103404,11.19,675.58034164,-8960.09595732,671.74345049,-8967.13187994,679.41723279,-8953.0600347,false
482,103403,11.74,706.72721815,-8960.8507258,704.08949595,-8969.59071355,709.36494034,-8952.11073805,false
483,103248,10.88,754.7492112,-8920.33442799,750.57591082,-8924.70891408,758.92251157,-8915.95994189,false
484,103222,11.08,778.98204133,-8918.29132359,773.65723197,-8924.32554723,784.30685068,-8912.25709996,false
485,103209,11.48,726.9746803,-8917.84491095,722.81690641,-8924.27185689,731.1324542,-8911.41796501,false
486,103116,10.48,577.72014041,-8898.99219648,571.35116719,-8904.28095743,584.08911363,-8893.70343554,false
487,102966,11.32,705.4818996,-8868.91011421,698.87498902,-8879.94804503,712.08881018,-8857.8721834,false
488,100923,11.48,188.3791165,-8380.48581626,173.76771856,-8388.68433947,202.99051443,-8372.28729304,false
489,100735,11.83,245.14548268,-8351.9678797,232.77854689,-8379.37956782,257.51241847,-8324.55619158,false
490,100705,11.95,408.05480037,-8322.91808536,395.62967413,-8332.02176188,420.4799266,-8313.81440884,false
491,334505,12.21,897.11341949,-9292.26340474,890.37960787,-9301.64129515,903.8472311,-9282.88551434,false
492,104420,11.75,887.6642626,-9243.05401334,882.08216173,-9250.18495184,893.24636347,-9235.92307484,false
493,413026,18.27,1230.70071873,-9562.89457999,1221.27759337,-9581.26370908,1240.12384409,-9544.5254509,false
494,412890,10.43,962.85560481,-9348.00599709,957.99823614,-9356.09743852,967.71297348,-9339.91455566,false
495,412731,14.14,904.30790332,-9103.59280648,899.49516753,-9111.2624776,909.12063912,-9095.92313536,false
496,386637,11.54,1058.51481682,-9241.66884912,1051.48883305,-9248.85000003,1065.54080059,-9234.48769821,false
497,386634,10.19,902.8395139,-9241.13087644,897.15201052,-9246.2297057,908.52701728,-9236.03204717,false
498,386633,12.74,1035.68005323,-9238.68247276,1030.91570725,-9246.56655582,1040.44439922,-9230.79838969,false
499,386608,11.04,1059.36781941,-9198.90553877,1055.32440291,-9203.51510685,1063.41123591,-9194.29597068,false
500,386600,12.42,1014.97061127,-9183.6764034,1008.37311355,-9191.70833734,1021.568109,-9175.64446947,false
501,360863,11.51,1228.95299035,-9478.55852187,1222.26583805,-9481.17699719,1235.64014264,-9475.94004655,false
502,334620,12.31,1268.86091433,-9459.72319287,1262.32241243,-9464.68209531,1275.39941623,-9454.76429044,false
503,334516,10.75,1065.80208072,-9295.83566693,1061.3263751,-9300.30698928,1070.27778634,-9291.36434457,false
504,308019,16.24,907.57198254,-9066.98105885,900.21890647,-9072.37086404,914.92505861,-9061.59125366,false
505,282258,9.36,938.00729436,-9605.28401432,924.00478849,-9631.39354668,952.00980023,-9579.17448197,false
506,282249,11.93,967.07238125,-9560.67563368,960.87534185,-9565.20010136,973.26942066,-9556.151166,false
507,282098,9.82,943.4789722,-9325.1222855,939.84024658,-9331.30224109,947.11769782,-9318.94232991,false
508,282046,11.67,932.17962298,-9243.92921632,928.09400379,-9252.03467821,936.26524217,-9235.82375443,false
509,282021,12.71,1041.53808909,-9197.33558057,1036.96729739,-9205.14997601,1046.1088808,-9189.52118513,false
510,281969,15.75,918.83624217,-9102.52212515,912.27582521,-9109.43624007,925.39665913,-9095.60801022,false
511,281968,15.49,950.32304535,-9101.20911604,944.07285651,-9107.75273962,956.57323418,-9094.66549246,false
512,256110,9.43,1228.14941081,-9442.01483527,1222.50301271,-9444.98033657,1233.79580892,-9439.04933397,false
513,256010,11.3,1122.48642364,-9291.34071897,1117.98527846,-9298.9107651,1126.98756882,-9283.77067284,false
514,230000,10.56,919.30508564,-9240.79433429,912.65586285,-9245.4098348,925.95430843,-9236.17883379,false
515,203902,10.14,1026.22739354,-9553.60197114,1010.80499469,-9565.8315454,1041.6497924,-9541.37239688,false
516,203788,11.9,964.78618492,-9371.09650064,958.19358221,-9374.82906156,971.37878763,-9367.36393972,false
517,203653,11.55,1011.70147371,-9161.85592314,1005.89671178,-9166.00886712,1017.50623564,-9157.70297916,false
518,203603,18.9,965.52012123,-9100.53827845,959.41084255,-9105.35225877,971.62939991,-9095.72429812,false
519,177744,10.69,1178.85054378,-9522.85586008,1169.79454756,-9550.26042706,1187.90653999,-9495.4512931,false
520,177570,13.25,947.70825506,-9241.07486651,942.74641809,-9249.19397724,952.67009203,-9232.95575577,false
521,151608,12.88,902.56921844,-9331.489193,893.09980806,-9340.24823358,912.03862882,-9322.73015243,false
522,151553,10.76,1088.0325364,-9238.5962269,1081.45057534,-9243.06504426,1094.61449746,-9234.12740953,false
523,151552,12.84,1013.57945361,-9241.92133185,1008.57583312,-9248.94974767,1018.5830741,-9234.89291603,false
524,151485,11.85,1012.12837412,-9144.46709987,1007.88827763,-9150.67226475,1016.36847061,-9138.26193499,false
525,105063,13.65,1044.82339396,-9441.0593712,1039.00736584,-9448.27451155,1050.63942209,-9433.84423086,false
526,104891,11.41,965.33471382,-9385.38680548,958.16370997,-9392.40672505,972.50571766,-9378.36688591,false
527,104424,14.74,976.39443765,-9241.51464278,971.89932596,-9247.69274025,980.88954935,-9235.3365453,false
528,104284,12.42,1018.30602787,-9200.58196327,1009.94135446,-9205.8018864,1026.67070127,-9195.36204014,false
529,104279,12,1072.70611974,-9199.06090366,1066.84670556,-9206.83529794,1078.56553393,-9191.28650938,false
530,103952,15.11,935.91229697,-9102.67631818,931.19091303,-9107.19592019,940.6336809,-9098.15671618,false
531,360654,14.01,754.78709668,-9150.04833099,747.06422699,-9159.1668676,762.50996638,-9140.92979439,false
532,308142,11.75,520.30870131,-9283.30879551,508.28491355,-9288.81208365,532.33248908,-9277.80550737,false
533,177542,11.01,393.09878753,-9204.93648118,386.82171508,-9209.77176133,399.37585997,-9200.10120104,false
534,229969,9.11,354.32332224,-9192.70888584,346.15041919,-9198.31613008,362.49622528,-9187.1016416,false
535,412873,11.21,436.989541,-9327.60297898,431.80150697,-9334.13711618,442.17757504,-9321.06884178,false
536,412815,13.18,543.97124948,-9247.91955819,537.14075717,-9257.73342749,550.80174179,-9238.10568888,false
537,412800,12.75,391.84719421,-9227.70556217,383.26043008,-9241.17444937,400.43395834,-9214.23667497,false
538,412770,12.41,357.50791603,-9158.23855525,348.63342898,-9161.23337768,366.38240308,-9155.24373281,false
539,386694,11.96,399.04735957,-9343.58499805,392.33015046,-9349.91005914,405.76456867,-9337.25993695,false
540,386628,11.03,664.60000734,-9240.98510454,659.12297803,-9245.21962387,670.07703665,-9236.75058522,false
541,386627,11.89,725.32654264,-9238.97354589,719.0778446,-9243.81185183,731.57524069,-9234.13523995,false
542,360713,13.62,824.62565259,-9248.99637463,820.16987215,-9257.91762736,829.08143303,-9240.07512189,false
543,360677,10.22,727.574234,-9196.49743072,723.58963778,-9201.98335919,731.55883022,-9191.01150226,false
544,360675,12.4,754.65811533,-9197.60451952,749.37919139,-9205.68497945,759.93703926,-9189.52405959,false
545,360602,13.01,469.72677208,-9071.89571902,464.41867963,-9078.16242259,475.03486453,-9065.62901546,false
546,360601,17.56,775.85059287,-9061.69435121,769.98865267,-9066.50767097,781.71253307,-9056.88103146,false
547,334506,12.45,513.32897951,-9306.47601127,506.80027301,-9317.09893665,519.857686,-9295.85308588,false
548,334436,12.73,474.25013019,-9183.95568924,469.22627669,-9187.42719282,479.27398369,-9180.48418567,false
549,334431,11.24,390.73564638,-9183.47851455,383.6007226,-9192.68565904,397.87057016,-9174.27137007,false
550,334387,10.67,670.31841149,-9105.73890097,665.62138511,-9110.98945321,675.01543788,-9100.48834873,false
551,334379,11.27,534.76608917,-9099.55831716,527.19066055,-9104.60230472,542.34151779,-9094.51432959,false
552,334353,13.28,844.16500234,-9057.95560228,838.43641519,-9063.85739154,849.89358949,-9052.05381301,false
553,308292,12.25,819.07508552,-9544.07155109,810.04440368,-9549.05550697,828.10576735,-9539.08759521,false
554,308174,11.25,438.67948311,-9312.83713574,432.59012396,-9317.11192973,444.76884227,-9308.56234175,false
555,308172,12.17,394.75837762,-9317.86430907,385.74594868,-9327.4162372,403.77080657,-9308.31238094,false
556,308160,12.85,863.55301439,-9293.71008165,859.71671877,-9302.48553612,867.38931001,-9284.93462718,false
557,308123,12.88,679.08764334,-9240.23750562,673.95536672,-9247.2698271,684.21991997,-9233.20518414,false
558,308073,11.37,636.43340895,-9146.68604828,632.05219461,-9151.61165538,640.81462329,-9141.76044118,false
559,308047,10.36,578.74397537,-9104.74558055,573.63072012,-9108.86270783,583.85723061,-9100.62845328,false
560,308012,12.01,675.1274887,-9053.71605681,671.02969616,-9059.87951282,679.22528124,-9047.55260079,false
561,282027,13.66,309.1383361,-9223.52373729,299.80092083,-9229.97817216,318.47575137,-9217.06930242,false
562,282013,10.19,474.94673373,-9197.21486412,470.77535813,-9201.63780821,479.11810932,-9192.79192003,false
563,282003,11.83,580.98571605,-9178.51836882,575.46252756,-9182.76982635,586.50890454,-9174.2669113,false
564,281995,11.43,357.7263243,-9165.90600035,348.90365973,-9168.86227368,366.54898888,-9162.94972701,false
565,281981,10.15,467.77982489,-9132.87128312,464.02781114,-9137.70154282,471.53183865,-9128.04102341,false
566,256084,13.32,447.06815465,-9428.91262002,440.99560097,-9435.43307976,453.14070832,-9422.39216027,false
567,256076,11.38,445.48432049,-9413.41780864,441.28975941,-9419.63743371,449.67888158,-9407.19818357,false
568,255938,11.12,315.11031173,-9205.83975395,307.89207503,-9209.49330859,322.32854844,-9202.1861993,false
569,255881,16.03,737.68407029,-9103.39293084,733.19890817,-9110.87939674,742.16923241,-9095.90646495,false
570,255850,11.56,351.03038625,-9084.46756188,345.74603053,-9088.34802013,356.31474198,-9080.58710362,false
571,230118,13.06,402.68147811,-9429.63604509,398.05555153,-9435.42318963,407.30740469,-9423.84890055,false
572,230104,11.48,398.50933072,-9405.87736271,392.51778673,-9410.63496085,404.50087471,-9401.11976457,false
573,230033,11.27,639.74269713,-9289.9326399,634.51693751,-9300.74783611,644.96845675,-9279.11744369,false
574,230030,11.95,609.12150925,-9289.87725199,603.87565934,-9300.53154558,614.36735915,-9279.22295841,false
575,230026,10.51,436.82720441,-9282.76063872,432.68716757,-9287.08459981,440.96724125,-9278.43667763,false
576,229958,8.17,355.54828626,-9173.44158982,347.83627979,-9176.23739718,363.26029274,-9170.64578247,false
577,229876,12.47,614.35809935,-9049.79049139,607.81873181,-9055.74276321,620.89746688,-9043.83821956,false
578,203972,9.93,880.9897214,-9665.46430997,876.25402874,-9669.24083805,885.72541406,-9661.68778189,false
579,203942,11.82,827.45110632,-9624.82711556,819.49347807,-9629.61552493,835.40873457,-9620.03870618,false
580,203755,10.92,477.3850117,-9338.81123325,472.50110454,-9344.80519561,482.26891887,-9332.8172709,false
581,203713,11.81,395.74299085,-9271.2292136,389.7298861,-9275.99423833,401.7560956,-9266.46418886,false
582,203691,11.98,315.83735599,-9240.05773916,308.12348608,-9244.9688493,323.55122589,-9235.14662902,false
583,203562,17.89,753.01037019,-9061.70334355,747.66081423,-9068.77526393,758.35992614,-9054.63142317,false
584,177593,12.6,625.79631011,-9290.88542541,619.56583803,-9300.45085914,632.02678219,-9281.31999168,false
585,177567,11.56,768.80014631,-9243.53112452,765.30650645,-9250.79428648,772.29378617,-9236.26796255,false
586,177547,10.74,354.20844246,-9221.24118702,347.92673052,-9226.0884724,360.49015439,-9216.39390165,false
587,177492,11.08,557.20418288,-9123.41667635,549.63589335,-9128.41600815,564.7724724,-9118.41734454,false
588,177478,13.95,812.94149989,-9102.79176237,808.30053145,-9111.68625677,817.58246833,-9093.89726797,false
589,177442,10.12,656.04966353,-9055.6095882,651.27096452,-9063.27380745,660.82836255,-9047.94536895,false
590,151544,10.58,709.55600899,-9244.4997192,703.25566161,-9254.75583709,715.85635636,-9234.2436013,false
591,151543,11.57,526.91202449,-9249.05757196,521.50216558,-9259.7885358,532.3218834,-9238.32660813,false
592,151528,11.67,475.2891563,-9212.39774872,471.06820807,-9216.80161941,479.51010452,-9207.99387802,false
593,151524,14.28,774.44812227,-9196.67594923,769.4544672,-9204.55904675,779.44177734,-9188.79285171,false
594,151510,14.51,648.52187538,-9184.01781253,641.31393535,-9192.4336386,655.72981541,-9175.60198647,false
595,151499,12.56,310.10357357,-9177.52610879,304.62262042,-9183.20579983,315.58452671,-9171.84641776,false
596,151481,14.12,614.41892752,-9148.23562984,609.01363745,-9154.49006085,619.8242176,-9141.98119883,false
597,105228,14.32,867.31788962,-9497.17467732,860.62820347,-9502.7364631,874.00757578,-9491.61289154,false
598,105026,13.13,402.68367691,-9445.07609124,398.70243925,-9449.14885029,406.66491456,-9441.00333219,false
599,104807,12.83,826.62433577,-9355.96001598,819.14806911,-9360.87811142,834.10060243,-9351.04192055,false
600,104727,13.52,362.10950876,-9345.87961794,353.23062565,-9351.02917471,370.98839187,-9340.73006117,false
601,104641,13.14,473.2782829,-9313.332462,464.78216396,-9318.71782706,481.77440184,-9307.94709694,false
602,104585,11.23,474.34014869,-9299.54438735,468.13259911,-9304.42516184,480.54769827,-9294.66361286,false
603,104522,12.77,354.93536684,-9283.39627555,349.56674679,-9288.57913541,360.30398689,-9278.21341569,false
604,104483,11.27,322.09024592,-9274.15544036,317.27307183,-9279.40583421,326.90742001,-9268.90504651,false
605,104480,12.71,577.11841215,-9267.2761216,567.54101274,-9273.64688513,586.69581156,-9260.90535807,false
606,104397,13.34,778.14233041,-9240.18169187,773.3388567,-9246.80200951,782.94580411,-9233.56137423,false
607,104395,11.9,740.95244335,-9240.07605623,734.47181994,-9245.88446829,747.43306676,-9234.26764417,false
608,104389,12.68,513.50761297,-9248.80363306,507.02920056,-9258.54396956,519.98602537,-9239.06329656,false
609,104327,11.77,434.29480337,-9232.18285145,426.81806509,-9237.6536012,441.77154166,-9226.7121017,false
610,104266,10.66,691.50772014,-9199.27487072,685.92792868,-9203.19476229,697.0875116,-9195.35497914,false
611,104260,12.07,616.67659938,-9200.87202827,609.66724796,-9206.30496517,623.6859508,-9195.43909137,false
612,104259,12.79,712.55984777,-9199.8424746,707.93415146,-9207.46009727,717.18554407,-9192.22485192,false
613,104252,13,567.63769151,-9201.93081077,563.1654191,-9207.91971617,572.10996392,-9195.94190537,false
614,104251,12.95,739.70288328,-9198.40196975,733.20367845,-9205.86254074,746.2020881,-9190.94139876,false
615,104241,9.12,670.92907405,-9198.04025093,663.78208517,-9206.00182715,678.07606293,-9190.0786747,false
616,104167,10.23,764.76262163,-9163.93811514,759.84621976,-9167.73830193,769.67902349,-9160.13792835,false
617,104102,13.09,735.28285849,-9150.86062801,728.63623023,-9159.43291542,741.92948674,-9142.28834061,false
618,104098,15.24,713.28981053,-9151.66507048,702.29488458,-9161.74458552,724.28473648,-9141.58555545,false
619,103977,11.4,533.14625043,-9122.21705801,524.88763446,-9127.97973928,541.40486639,-9116.45437673,false
620,103969,11.85,513.96639319,-9122.83662261,507.03725615,-9130.2709132,520.89553023,-9115.40233203,false
621,103925,10.35,612.80059515,-9106.70913237,608.31263727,-9113.01992591,617.28855302,-9100.39833882,false
622,103925,10.35,612.80059515,-9106.70913237,608.31263727,-9113.01992591,617.28855302,-9100.39833882,false
623,103774,11.52,509.02200413,-9068.24969886,503.58874848,-9072.3901541,514.45525978,-9064.10924362,false
624,504189,10.67,1221.46821887,-8990.24991022,1211.40327052,-8993.61428239,1231.53316723,-8986.88553806,false
625,504192,10.1,1095.09663827,-8720.84900484,1090.71681514,-8732.27135975,1099.4764614,-8709.42664993,false
626,504195,12.81,957.69274929,-8526.43800653,949.66949874,-8537.91228357,965.71599984,-8514.96372948,false
627,504196,10.74,977.30636777,-8524.57806754,971.89411196,-8531.16961738,982.71862358,-8517.98651769,false
628,504199,12.2,878.77140756,-8341.75972776,868.3143532,-8350.53664456,889.22846193,-8332.98281095,false
629,504203,13.01,1069.22315787,-9049.55818361,1064.28786208,-9056.76666757,1074.15845366,-9042.34969964,false
630,504204,17.24,1183.09211203,-9050.80164228,1178.23366434,-9060.30382424,1187.95055973,-9041.29946033,false
631,504205,18.04,1249.0532658,-9063.61907302,1239.1771199,-9069.39110775,1258.9294117,-9057.8470383,false
632,504206,16.4,1268.30225464,-9063.86819889,1261.48874301,-9069.78456996,1275.11576626,-9057.95182782,false
633,504207,17.6,1247.68020885,-9081.18361505,1237.89613364,-9087.03108013,1257.46428406,-9075.33614998,false
634,504208,15.88,1242.70028488,-9101.77113933,1236.23225316,-9111.80537307,1249.1683166,-9091.73690558,false
635,504209,16.16,1242.74111328,-9123.49639495,1236.28652934,-9133.55447128,1249.19569721,-9113.43831863,false
636,504210,16.59,1242.70882188,-9145.29652254,1236.19331521,-9155.37244487,1249.22432855,-9135.22060021,false
637,504211,15.54,1251.25975234,-9164.37637829,1242.87823798,-9172.79575393,1259.64126671,-9155.95700264,false
638,504212,16,1263.97075073,-9177.31276657,1252.74648158,-9188.60991372,1275.19501988,-9166.01561943,false
639,504213,15.84,1280.56749857,-9194.08038214,1269.40485575,-9205.33429565,1291.7301414,-9182.82646863,false
640,504215,10.66,1286.42892509,-9249.65722817,1282.79499714,-9254.48068393,1290.06285304,-9244.8337724,false
641,504217,13.56,1252.58449395,-9289.14801583,1246.17889961,-9298.60932621,1258.99008828,-9279.68670545,false
642,504221,11.77,1384.21026264,-9241.16180985,1378.89556443,-9248.96797966,1389.52496085,-9233.35564004,false
643,504224,15.93,1340.79584837,-9334.41694099,1334.95479647,-9339.57250986,1346.63690026,-9329.26137212,false
644,504226,17,1356.27369231,-9327.92859996,1350.88518531,-9336.12940799,1361.66219932,-9319.72779194,false
645,504227,17.73,1371.54180888,-9328.05182589,1366.2807874,-9336.07744686,1376.80283035,-9320.02620493,false
646,504228,20.56,1386.85748782,-9328.1143388,1380.95662181,-9336.55788087,1392.75835382,-9319.67079672,false
647,504230,11.38,1415.45908977,-9103.06813537,1410.91578803,-9106.99799806,1420.00239152,-9099.13827269,false
648,504231,13.48,1436.51056515,-9099.94654195,1430.97945015,-9109.52523811,1442.04168014,-9090.36784579,false
649,504233,10.16,1509.10987885,-9053.49854781,1504.31487786,-9063.24706345,1513.90487984,-9043.75003217,false
650,504233,10.16,1509.10987885,-9053.49854781,1504.31487786,-9063.24706345,1513.90487984,-9043.75003217,false
651,504239,11.14,1580.67837821,-9095.68750474,1577.59249719,-9106.27009622,1583.76425924,-9085.10491326,false
652,504241,10.71,1528.17560558,-9102.37205438,1521.1504355,-9107.36747179,1535.20077566,-9097.37663698,false
653,504242,13.15,1512.07934902,-9102.68127265,1507.01204428,-9108.59097639,1517.14665377,-9096.77156891,false
654,504248,13.19,1484.72508268,-9143.68834782,1480.17551099,-9151.35969784,1489.27465436,-9136.0169978,false
655,504251,11.13,1668.64508419,-9194.10384059,1653.39823338,-9202.77454889,1683.891935,-9185.43313228,false
656,504252,11.86,1581.73066753,-9253.08185878,1575.23399479,-9260.59617895,1588.22734026,-9245.56753862,false
657,504253,12.75,1561.16172303,-9238.47887159,1556.68339862,-9245.60998413,1565.64004744,-9231.34775904,false
658,504254,9.77,1532.37159719,-9244.69977848,1528.58715091,-9250.41001223,1536.15604347,-9238.98954473,false
659,504255,15.12,1489.86137723,-9238.4569195,1483.81794719,-9244.96269579,1495.90480727,-9231.95114322,false
660,504256,15.28,1444.69665887,-9238.15610043,1439.30045351,-9245.48203775,1450.09286424,-9230.83016312,false
661,504257,12.24,1429.20259429,-9242.34639389,1424.50015149,-9250.72002534,1433.90503708,-9233.97276244,false
662,504258,12.03,1414.3128607,-9236.1474903,1407.98476212,-9240.88108437,1420.64095928,-9231.41389624,false
663,504260,16.45,1422.23285434,-9291.1724615,1414.64845186,-9296.09996721,1429.81725683,-9286.2449558,false
664,504261,12.08,1433.46321483,-9288.05271554,1430.31390066,-9290.38284029,1436.61252899,-9285.72259079,false
665,504263,13.87,1500.69456638,-9287.87424918,1496.79627736,-9293.44151667,1504.59285539,-9282.30698169,false
666,504266,11.42,1549.41123532,-9288.3445025,1544.13045423,-9294.15629611,1554.6920164,-9282.53270889,false
667,504267,11.79,1576.29776759,-9289.21519195,1569.14661897,-9293.6204972,1583.44891622,-9284.80988671,false
668,504270,21.28,1975.47278038,-9224.02506519,1971.20873013,-9229.9478102,1979.73683062,-9218.10232018,false
669,504281,9.96,952.88106838,-8130.8661436,948.01374184,-8137.64445313,957.74839491,-8124.08783408,false
670,504282,16.35,1013.89042387,-8136.33624152,1007.79763448,-8144.82668291,1019.98321326,-8127.84580013,false
671,504283,11.46,971.55299025,-8213.35918339,966.54703945,-8217.65453965,976.55894104,-8209.06382713,false
672,504284,10.94,897.62911961,-8210.76821757,892.26797449,-8216.35759149,902.99026473,-8205.17884364,false
673,504285,11.52,861.39284101,-8213.77285854,856.65622659,-8217.83312571,866.12945542,-8209.71259137,false
674,504287,13.59,873.15871476,-8372.09938735,867.33938234,-8376.72538691,878.97804717,-8367.47338778,false
675,504292,10.61,952.39934594,-8407.22942204,947.05795819,-8412.33913285,957.74073369,-8402.11971122,false
676,504293,15.31,937.19260584,-8418.62662749,932.35507172,-8428.2318673,942.03013997,-8409.02138769,false
677,504294,11.89,879.31161422,-8487.30345982,874.07223391,-8493.65716711,884.55099452,-8480.94975253,false
678,504295,9.32,905.08731449,-8485.89653119,900.25299475,-8489.97027205,909.92163424,-8481.82279034,false
679,504296,12.54,882.51624115,-8535.01016257,877.92797336,-8543.22974526,887.10450895,-8526.79057988,false
680,504297,10.13,974.42164525,-8483.50580157,964.25864391,-8488.11420677,984.58464659,-8478.89739636,false
681,504299,10.69,950.27441531,-8591.5019698,944.10980861,-8598.72054325,956.43902202,-8584.28339635,false
682,504301,12.44,1021.38937056,-8863.8903983,1010.77247979,-8877.76162681,1032.00626133,-8850.0191698,false
683,504302,12.83,1072.20759237,-8856.0069674,1068.93877111,-8860.40444321,1075.47641363,-8851.60949159,false
684,504303,10.23,1088.4398787,-8876.40531064,1083.93741542,-8882.59223518,1092.94234198,-8870.2183861,false
685,504306,12.38,1143.20763115,-8863.22070231,1138.33179496,-8871.41408505,1148.08346734,-8855.02731956,false
686,504307,7.8,1144.6856777,-8882.56477122,1139.12273139,-8886.23086389,1150.248624,-8878.89867855,false
687,504310,10.05,1165.79094353,-8915.13920722,1161.7783448,-8921.08297438,1169.80354227,-8909.19544006,false
688,504312,13.29,1130.93669804,-8911.97266692,1128.57595712,-8919.05241016,1133.29743897,-8904.89292367,false
689,504314,11.8,1032.18145135,-8961.90534099,1029.18423076,-8973.45306127,1035.17867193,-8950.35762072,false
690,504319,11.3,1178.4190543,-8956.19434601,1174.20218879,-8962.29937489,1182.63591982,-8950.08931713,false
691,504321,10.26,1107.13439224,-8955.43795551,1100.34916494,-8960.25187972,1113.91961955,-8950.62403129,false
692,504324,8.89,982.50538567,-8904.29595475,978.0362753,-8907.54580293,986.97449603,-8901.04610657,false
693,504325,11.32,1009.92354265,-8677.72683157,1007.21848748,-8687.2155332,1012.62859783,-8668.23812995,false
694,504326,11.27,1017.13826606,-8677.54035858,1014.47789193,-8687.10888763,1019.7986402,-8667.97182953,false
695,504327,9.26,1084.09786808,-8671.6734008,1077.97026907,-8677.89268839,1090.22546709,-8665.4541132,false
696,504328,12.94,1121.65322183,-8675.12905227,1116.40266748,-8683.49530347,1126.90377617,-8666.76280106,false
697,504330,10.11,1166.08498792,-8669.74738272,1161.0051572,-8674.65230717,1171.16481864,-8664.84245828,false
698,504331,15.07,1179.92989266,-8671.65204109,1174.17435938,-8678.88229538,1185.68542594,-8664.42178679,false
699,504333,10.85,1177.1211441,-8707.18068432,1169.23460212,-8710.37485012,1185.00768607,-8703.98651853,false
700,504335,12.71,1181.39247325,-8724.79458026,1176.58167315,-8732.4591903,1186.20327334,-8717.12997023,false
701,504337,10.15,1082.87764373,-8726.56824154,1076.29910183,-8731.19234741,1089.45618563,-8721.94413568,false
702,504338,11.45,1059.0097874,-8724.98957801,1054.9434613,-8734.24065648,1063.07611349,-8715.73849954,false
703,504340,10.68,1028.88960537,-8672.55233565,1022.12207875,-8678.53427958,1035.65713198,-8666.57039172,false
704,504341,14.3,1128.56153342,-8581.88091522,1122.59335485,-8591.02097828,1134.52971198,-8572.74085215,false
705,504343,15.67,1159.31052575,-8630.70407978,1154.10142817,-8637.48506365,1164.51962333,-8623.92309591,false
706,504344,11.94,1179.74070898,-8634.6702925,1172.70878925,-8639.78223248,1186.77262871,-8629.55835251,false
707,504346,8.62,1130.75581889,-8613.60403765,1126.27920498,-8617.18630926,1135.2324328,-8610.02176603,false
708,504348,12.12,1030.27182162,-8633.19190338,1025.5857536,-8640.00900953,1034.95788964,-8626.37479723,false
709,504352,12.53,1099.81954934,-8488.85056126,1094.36276547,-8495.98174666,1105.27633322,-8481.71937586,false
710,504353,11.75,1114.47451692,-8488.3125882,1109.64003864,-8494.62956661,1119.3089952,-8481.99560978,false
711,504354,12.28,1134.20258739,-8487.92475353,1128.95517378,-8494.33659477,1139.450001,-8481.5129123,false
712,504356,12.38,1138.64398394,-8447.70074002,1134.02015549,-8457.89142923,1143.26781238,-8437.51005082,false
713,504358,8.91,1095.12731635,-8441.5169793,1091.58155927,-8453.33034786,1098.67307343,-8429.70361074,false
714,504358,8.67,1095.12731635,-8441.5169793,1091.58155927,-8453.33034786,1098.67307343,-8429.70361074,false
715,504360,10.26,1047.44186703,-8292.16275892,1037.10046714,-8296.9595398,1057.78326692,-8287.36597804,false
716,504361,13.66,1096.37151916,-8252.43588059,1085.73081528,-8260.01358027,1107.01222305,-8244.85818092,false
717,504362,15.48,1311.64996254,-8366.2722125,1302.14912901,-8380.39653241,1321.15079606,-8352.14789259,false
718,504372,11.84,1289.7098144,-8450.11725641,1285.41704018,-8456.57500147,1294.00258861,-8443.65951134,false
719,504374,12.59,1274.71833163,-8450.78616408,1269.89534172,-8456.4083223,1279.54132154,-8445.16400587,false
720,504376,19.69,1253.2394426,-8417.53120704,1238.64209562,-8429.31402716,1267.83678957,-8405.74838692,false
721,504377,19.21,1291.14064825,-8417.79419793,1268.83346656,-8429.56553221,1313.44782994,-8406.02286364,false
722,504378,10.08,1315.2983867,-8491.20718923,1311.1004405,-8497.16417082,1319.49633289,-8485.25020765,false
723,504382,10.62,1372.45542181,-8578.87191498,1368.17388793,-8585.90741738,1376.73695569,-8571.83641258,false
724,504383,10.73,1383.52582762,-8578.54313491,1379.13187719,-8585.37634943,1387.91977805,-8571.70992039,false
725,504388,10.9,1214.71867099,-8597.02137168,1209.00843386,-8601.35044538,1220.42890813,-8592.69229799,false
726,504389,11.27,1276.56599779,-8631.91601299,1272.3731152,-8639.53037515,1280.75888038,-8624.30165083,false
727,504390,11.41,1288.15485467,-8632.66285345,1282.82748755,-8640.1634229,1293.48222179,-8625.16228401,false
728,504391,13.39,1314.52067158,-8632.39835687,1309.86330513,-8640.54831821,1319.17803804,-8624.24839554,false
729,504394,8.66,1318.42073276,-8616.12685151,1314.87195876,-8621.50598834,1321.96950675,-8610.74771467,false
730,504395,14.1,1306.61170413,-8672.70934686,1301.55715825,-8681.06772497,1311.66625,-8664.35096876,false
731,504396,10.55,1261.63825682,-8673.26382373,1257.17453482,-8680.39050447,1266.10197882,-8666.137143,false
732,504397,11.91,1216.96200512,-8670.14779165,1212.07708455,-8677.05176902,1221.8469257,-8663.24381427,false
733,504398,13.66,1247.73057535,-8670.67855565,1243.58928531,-8676.19433128,1251.87186539,-8665.16278001,false
734,504402,10.2,1304.98195818,-8727.85354867,1298.63648184,-8732.87195241,1311.32743453,-8722.83514494,false
735,504403,8.95,1319.55684571,-8703.42024152,1313.53068999,-8706.2109268,1325.58300143,-8700.62955623,false
736,504404,9.87,1276.30222672,-8712.19544192,1270.93839038,-8717.39856322,1281.66606307,-8706.99232061,false
737,504405,10.14,1433.53844745,-8727.09162517,1428.35341972,-8731.75041097,1438.72347518,-8722.43283937,false
738,504406,11.49,1466.79698146,-8724.15642783,1462.45549457,-8731.51566974,1471.13846835,-8716.79718591,false
739,504407,11.74,1513.96832342,-8722.13780852,1507.43463087,-8730.62393347,1520.50201597,-8713.65168357,false
740,504408,14.12,1487.32832187,-8714.45456178,1482.91971601,-8721.50202799,1491.73692774,-8707.40709556,false
741,504409,14.68,1468.34874026,-8699.41816085,1461.8973841,-8706.89176517,1474.80009643,-8691.94455654,false
742,504410,10.61,1435.89352919,-8684.74505628,1428.83259066,-8690.66364918,1442.95446773,-8678.82646338,false
743,504411,10.64,1416.21317507,-8680.40924013,1411.09500757,-8688.12568573,1421.33134258,-8672.69279454,false
744,504413,11.73,1379.97448308,-8522.47559284,1374.79360171,-8527.33250464,1385.15536444,-8517.61868105,false
745,504414,11.23,1365.75856894,-8519.12429365,1360.05686698,-8526.68871414,1371.4602709,-8511.55987317,false
746,504415,10.2,1292.5845811,-8522.08274035,1286.2415202,-8531.6542981,1298.92764199,-8512.51118261,false
747,504427,11.81,1719.05745004,-8907.11317472,1716.31882168,-8916.531794,1721.7960784,-8897.69455545,false
748,504428,11.67,1726.90097514,-8907.0142519,1723.96252359,-8916.43985108,1729.83942668,-8897.58865272,false
749,504429,11.61,1734.49990622,-8907.02358126,1731.64187099,-8916.4467225,1737.35794144,-8897.60044003,false
750,504430,11.65,1742.08770219,-8907.0257474,1739.2985591,-8916.44351353,1744.87684528,-8897.60798127,false
751,504431,20.03,1713.286734,-8956.56304038,1706.35148327,-8964.18487762,1720.22198473,-8948.94120315,false
752,504435,11.08,1519.97954462,-8955.16866819,1515.44921879,-8960.61926154,1524.50987046,-8949.71807483,false
753,504436,13.94,1508.84331473,-8954.79548877,1505.64529411,-8960.89092891,1512.04133536,-8948.70004863,false
754,504437,12.72,1482.92304705,-8994.76847497,1476.93909449,-8998.81302944,1488.90699961,-8990.7239205,false
755,504439,11.96,1413.50285011,-8954.75782216,1408.12341038,-8962.02133643,1418.88228983,-8947.49430788,false
756,504440,13.84,1445.03302746,-8958.95988994,1439.027616,-8965.96559182,1451.03843893,-8951.95418805,false
757,504441,11.32,1473.0976448,-8955.5123468,1468.16386866,-8961.68273597,1478.03142093,-8949.34195764,false
758,504442,10.28,1289.22026913,-8953.91678715,1283.98977819,-8958.5365331,1294.45076008,-8949.2970412,false
759,504443,11.15,1316.72910603,-8955.78654719,1312.78982903,-8963.8896015,1320.66838304,-8947.68349288,false
760,504445,10.39,1382.60473839,-8959.09582177,1378.29298686,-8968.96397518,1386.91648992,-8949.22766836,false
761,504447,10.23,1673.12996304,-8858.96143352,1669.50889067,-8866.4549768,1676.75103541,-8851.46789025,false
762,504448,11.31,1681.56356453,-8877.2677194,1678.4595321,-8882.05072801,1684.66759696,-8872.48471079,false
763,504452,11.11,1685.72218597,-8815.0842445,1681.4381677,-8822.99044037,1690.00620424,-8807.17804862,false
764,504453,12.47,1694.87799704,-8809.26811561,1690.01431464,-8821.2161212,1699.74167944,-8797.32011002,false
765,504454,16.67,1711.45769086,-8817.80078761,1701.41445037,-8826.22157061,1721.50093135,-8809.38000461,false
766,504455,13.98,1731.10565129,-8803.37020678,1723.57370154,-8809.82362922,1738.63760104,-8796.91678434,false
767,504456,13.55,1709.37425169,-8797.63186285,1701.6520979,-8805.84575011,1717.09640549,-8789.41797559,false
768,504457,9.06,1693.50936298,-8784.40374664,1686.62435128,-8789.91810495,1700.39437468,-8778.88938833,false
769,504458,10.76,1678.99306858,-8782.42070071,1672.87196048,-8789.87834855,1685.11417668,-8774.96305288,false
770,504459,10.24,1624.63003911,-8807.0988028,1618.70570996,-8811.05614578,1630.55436827,-8803.14145982,false
771,504461,12.02,1462.0450012,-8764.06492609,1456.66045737,-8771.2004196,1467.42954504,-8756.92943257,false
772,504462,12.81,1536.41182734,-8763.97856571,1530.94420313,-8770.37243806,1541.87945155,-8757.58469335,false
773,504463,12.34,1552.38232091,-8763.58503905,1546.80365331,-8768.78873009,1557.96098851,-8758.38134802,false
774,504468,10.91,1525.7036913,-8810.85385305,1522.92311718,-8822.19048415,1528.48426543,-8799.51722195,false
775,504469,10.79,1533.3250403,-8810.54609884,1530.48673219,-8821.62530315,1536.16334841,-8799.46689453,false
776,504470,10.88,1540.97531147,-8810.63706985,1538.22278286,-8821.91100085,1543.72784008,-8799.36313884,false
777,504471,11.46,1475.31340628,-8817.46390015,1470.91024474,-8822.79972164,1479.71656782,-8812.12807866,false
778,504472,13.08,1459.5786964,-8815.46490635,1453.40043197,-8823.58427052,1465.75696082,-8807.34554219,false
779,504473,14.63,1418.40358888,-8765.43781683,1410.70073078,-8772.66806505,1426.10644699,-8758.20756861,false
780,504474,9.85,1432.5386074,-8778.93077555,1428.43276221,-8784.12891487,1436.64445259,-8773.73263624,false
781,504476,10.26,1277.78245521,-8766.65424327,1273.52591992,-8774.32434873,1282.03899051,-8758.98413782,false
782,504477,13.68,1254.30744905,-8773.29268612,1249.51616079,-8781.84367678,1259.09873731,-8764.74169546,false
783,504478,11.08,1242.88544963,-8765.89207124,1238.23055628,-8772.45111441,1247.54034297,-8759.33302807,false
784,504481,12.51,1151.49520685,-8803.71391363,1145.73067549,-8808.92621177,1157.25973821,-8798.5016155,false
785,504482,12.56,1108.58299515,-8773.37109911,1105.72177079,-8783.71582746,1111.44421952,-8763.02637075,false
786,504483,12.32,1116.18390224,-8773.42270535,1113.30046787,-8783.69456222,1119.0673366,-8763.15084848,false
787,504484,11.65,1023.15499597,-8765.76818291,1014.66000433,-8772.74381666,1031.64998761,-8758.79254916,false
788,504485,10.82,1044.47112769,-8726.15570099,1038.10558394,-8731.79214991,1050.83667144,-8720.51925208,false
789,504487,10.74,1522.54231722,-8762.97121125,1516.66318617,-8769.19906384,1528.42144826,-8756.74335865,false
790,504488,13.93,966.75421068,-8091.55605873,955.64262232,-8100.44214794,977.86579904,-8082.66996952,false
791,504489,15.26,781.18037575,-8200.63933455,772.79122262,-8215.73593182,789.56952887,-8185.54273728,false
792,504490,10.73,814.96826494,-8278.43565098,808.32423101,-8283.47420706,821.61229887,-8273.39709489,false
793,504491,15.2,746.74090533,-8329.28280133,738.43978282,-8339.42665065,755.04202784,-8319.13895202,false
794,504492,11.59,842.51611385,-8369.50264374,836.99175226,-8375.72787817,848.04047543,-8363.27740932,false
795,504493,15.36,703.45610849,-8494.22553602,697.67279712,-8505.45331309,709.23941987,-8482.99775894,false
796,504497,16.02,767.84800709,-8548.30915523,756.60143437,-8554.84011644,779.09457982,-8541.77819401,false
797,504498,19.95,764.87257392,-8495.51143393,742.00222525,-8512.99667521,787.74292259,-8478.02619265,false
798,504499,9.39,739.21930423,-8484.77701993,736.64288108,-8491.62172235,741.79572737,-8477.93231751,false
799,504500,9.61,736.46506988,-8509.31675902,731.19128867,-8512.83013508,741.7388511,-8505.80338296,false
800,504501,11.93,816.36804705,-8665.35034457,814.03430863,-8674.82142551,818.70178547,-8655.87926362,false
801,504503,13.4,629.11909096,-8177.2955325,607.15330112,-8193.21261415,651.0848808,-8161.37845085,false
802,504504,17.05,685.17746414,-8186.77850904,662.2503484,-8205.75932639,708.10457988,-8167.79769168,false
803,504504,17.06,685.17746414,-8186.77850904,662.2503484,-8205.75932639,708.10457988,-8167.79769168,false
804,504506,11.49,845.59572265,-8499.73089692,840.79050058,-8507.60320216,850.40094472,-8491.85859169,false
805,504507,12.98,775.53977519,-8539.71663038,765.20801855,-8542.7023561,785.87153184,-8536.73090467,false
806,504508,11.7,813.53607806,-8210.57728186,809.04257328,-8215.93871897,818.02958284,-8205.21584474,false
807,504511,13.5,148.52997813,-7439.21839893,141.7847232,-7442.35395851,155.27523306,-7436.08283936,false
808,504513,15.51,536.55429223,-8023.70938574,526.89772319,-8032.6237875,546.21086127,-8014.79498398,false
809,504515,13.01,397.07668457,-7940.22346127,389.04647454,-7952.65888125,405.1068946,-7927.78804128,false
810,504516,11.53,733.62208303,-7852.80817973,723.88199576,-7861.80400707,743.3621703,-7843.81235239,false
811,504517,9.73,662.81772101,-7815.77187882,649.81000587,-7825.12592417,675.82543615,-7806.41783348,false
812,504517,11.81,662.81772101,-7815.77187882,649.81000587,-7825.12592417,675.82543615,-7806.41783348,false
813,504521,11.62,253.33981132,-7689.65883931,192.20984877,-7744.04743931,314.46977387,-7635.2702393,false
814,504529,11.69,751.7079101,-7877.46751819,743.56226792,-7885.23897867,759.85355229,-7869.69605771,false
815,504532,10.25,625.9102869,-7953.75910801,608.88878165,-7984.4205849,642.93179215,-7923.09763113,false
816,504532,10.25,625.9102869,-7953.75910801,608.88878165,-7984.4205849,642.93179215,-7923.09763113,false
817,504545,13.51,386.7735613,-7801.23823455,380.21514108,-7810.89486364,393.33198152,-7791.58160546,false
818,504554,10.74,976.51984066,-8922.88638509,966.0682622,-8926.99470273,986.97141913,-8918.77806744,false
819,504555,11.3,1810.6402575,-8867.49849807,1804.71456693,-8871.54334761,1816.56594807,-8863.45364853,false
820,504556,12.88,191.58629462,-7479.54521736,149.81142242,-7525.98490229,233.36116682,-7433.10553242,false
821,504561,13.35,857.06366586,-8130.52971421,854.47900617,-8140.1463938,859.64832555,-8120.91303461,false
822,504564,15.61,1243.25978744,-9240.32704272,1237.14371112,-9247.89476637,1249.37586376,-9232.75931907,false
823,504565,13.19,1092.45643149,-8956.51160204,1087.41431642,-8965.03140129,1097.49854656,-8947.99180279,false
824,504566,12.06,1109.61577384,-8917.23482883,1105.50640048,-8921.92379057,1113.7251472,-8912.54586708,false
825,504568,10.34,1258.02721922,-8908.10285026,1254.19936049,-8916.99030823,1261.85507794,-8899.21539229,false
826,504574,13.9,1337.90054382,-8858.80621287,1333.18897038,-8865.03013769,1342.61211726,-8852.58228805,false
827,504575,13.86,1558.4183503,-8954.83252026,1552.86186582,-8962.15868476,1563.97483479,-8947.50635576,false
828,504576,12.35,1475.53072603,-8913.58027844,1470.89890889,-8920.94189947,1480.16254316,-8906.21865741,false
829,504577,11.39,1519.17085871,-8909.82271724,1514.24489047,-8919.85964416,1524.09682695,-8899.78579032,false
830,504578,8.89,1525.82767845,-8900.64079115,1522.16546286,-8907.83796015,1529.48989405,-8893.44362214,false
831,504579,11.7,1491.60765718,-8912.88958299,1486.95987699,-8919.45521483,1496.25543736,-8906.32395115,false
832,504580,10.59,1505.48147793,-8913.30390977,1500.9250068,-8920.26182462,1510.03794905,-8906.34599493,false
833,504581,12.64,1482.66971764,-8861.45630884,1477.45128463,-8869.8832449,1487.88815066,-8853.02937278,false
834,504582,12.88,1512.69389622,-8855.97244665,1507.18457947,-8861.18678172,1518.20321297,-8850.75811158,false
835,504584,12.31,1216.48452408,-8769.03044777,1210.47986255,-8779.55723745,1222.4891856,-8758.50365809,false
836,504585,14.14,1313.33662108,-8806.56216554,1308.36499118,-8812.7423866,1318.30825098,-8800.38194448,false
837,504588,11.56,1095.97403487,-8632.31225587,1091.57064251,-8639.91761342,1100.37742723,-8624.70689831,false
838,504597,10.46,905.36253603,-8370.9963435,901.42467021,-8377.81325504,909.30040184,-8364.17943197,false
839,504598,12.32,1225.25084219,-8407.56694535,1212.64099365,-8412.77378512,1237.86069073,-8402.36010558,false
840,504603,12.56,1365.94351713,-8819.08111908,1359.72615946,-8828.08641305,1372.16087481,-8810.07582511,false
841,505763,11.1,864.13152012,-9472.16309892,859.8987907,-9479.37176351,868.36424953,-9464.95443432,false
842,505764,13.53,870.59103045,-9393.70847783,856.23646431,-9411.36642742,884.9455966,-9376.05052824,false
843,505765,13.2,963.70976831,-9514.19845479,954.13808452,-9520.46463592,973.2814521,-9507.93227367,false
844,505878,15.3,277.95042329,-9073.01424212,271.88714267,-9078.12473933,284.01370392,-9067.90374491,false
845,505879,15.35,273.7333057,-9083.43483098,264.16549196,-9086.71431034,283.30111944,-9080.15535161,false
846,505880,14.81,274.45341388,-9091.43109678,265.52141313,-9094.65377114,283.38541463,-9088.20842241,false
847,505881,14.61,275.26486666,-9099.48949928,266.68962921,-9102.7541116,283.84010411,-9096.22488697,false
848,505882,14.1,275.76312615,-9111.19021285,269.52783589,-9117.83742572,281.99841641,-9104.54299998,false
849,505883,14.11,275.68564635,-9126.4394397,269.90664466,-9133.25478604,281.46464804,-9119.62409335,false
850,505885,13.14,305.06670178,-9098.76756876,295.56507183,-9101.95224636,314.56833173,-9095.58289116,false
851,505886,14.73,305.46316194,-9107.17655703,297.23327242,-9110.90388995,313.69305146,-9103.44922412,false
852,505887,11.87,304.70432402,-9083.53438278,294.80941741,-9086.72560957,314.59923062,-9080.34315598,false
853,505888,12.03,304.46850066,-9075.75098178,294.54237579,-9078.80279037,314.39462553,-9072.69917318,false
854,505889,10.26,304.23914185,-9068.04039261,294.2992916,-9071.10416919,314.1789921,-9064.97661604,false
855,505890,11.37,356.49264976,-9072.83650848,346.22263749,-9077.48129323,366.76266203,-9068.19172373,false
856,505891,11.53,355.65068183,-9097.25324237,344.88328149,-9100.36139303,366.41808216,-9094.14509172,false
857,505892,9.9,355.72785506,-9104.83940565,345.48178515,-9107.91283093,365.97392497,-9101.76598037,false
858,505893,12.87,349.49197704,-9118.70425409,343.73655471,-9124.470559,355.24739937,-9112.93794919,false
859,505894,12.34,350.96495437,-9149.26453021,344.92009505,-9154.87085107,357.00981369,-9143.65820934,false
860,505898,13.11,391.67292001,-9089.59976247,386.77872142,-9094.68551721,396.5671186,-9084.51400772,false
861,505899,11.58,433.79336311,-9064.10718867,423.74277774,-9067.28470904,443.84394848,-9060.92966829,false
862,505901,10.7,434.34953775,-9087.13554936,424.58908829,-9090.3539982,444.10998722,-9083.91710052,false
863,505902,12.59,434.66651877,-9094.73787618,424.93875539,-9097.87505054,444.39428216,-9091.60070183,false
864,505903,12.57,435.13719705,-9102.52857689,425.10260859,-9105.84075737,445.1717855,-9099.21639642,false
865,505904,12.28,435.1614197,-9110.10793645,425.370406,-9113.22013444,444.95243341,-9106.99573846,false
866,505905,12.49,435.74492631,-9117.93758622,425.77582319,-9121.04858419,445.71402944,-9114.82658826,false
867,505906,11.89,465.22170372,-9093.85513268,454.47069143,-9097.00968835,475.972716,-9090.70057701,false
868,505907,11.94,466.64181819,-9109.09773252,456.78555579,-9112.17981568,476.4980806,-9106.01564937,false
869,505908,11.86,465.5984202,-9101.4453141,454.93201491,-9104.54681901,476.26482549,-9098.34380919,false
870,505909,12.53,465.52827397,-9086.13602338,455.47121214,-9089.23941157,475.58533579,-9083.0326352,false
871,505910,11.89,464.87820326,-9174.58480957,453.19100233,-9183.26417807,476.5654042,-9165.90544107,false
872,505912,14.66,429.87890663,-9199.89562643,425.25922083,-9207.04454875,434.49859244,-9192.74670411,false
873,505914,13.62,454.19160611,-9230.90048229,449.08449586,-9238.40183503,459.29871636,-9223.39912954,false
874,505915,11.85,445.97542667,-9268.23084943,437.99423328,-9273.65598034,453.95662006,-9262.80571852,false
875,505916,11.58,474.67801997,-9282.75230353,470.4653442,-9288.07896333,478.89069574,-9277.42564373,false
876,505917,12.94,472.26388369,-9269.09541165,464.22275431,-9274.1797769,480.30501307,-9264.01104641,false
877,505918,10.6,436.68086123,-9300.18279776,432.08040827,-9306.65149131,441.28131419,-9293.71410421,false
878,505920,11.08,438.96434964,-9387.06067871,431.88700825,-9391.40822703,446.04169104,-9382.7131304,false
879,505921,12.83,477.01506552,-9359.30467584,470.01508677,-9367.11426388,484.01504428,-9351.49508779,false
880,505922,11.89,477.76930626,-9379.10393205,470.96309553,-9386.87184693,484.57551699,-9371.33601717,false
881,505923,12.05,442.03513763,-9443.67620546,432.85696419,-9450.32116218,451.21331107,-9437.03124875,false
882,505933,13.42,522.77393983,-9066.93515666,515.55821948,-9074.25020534,529.98966019,-9059.62010798,false
883,505934,14.8,538.86320426,-9066.65225252,532.35260256,-9073.90533434,545.37380597,-9059.39917071,false
884,505935,10.61,557.81449651,-9066.80187956,548.38616604,-9072.34094203,567.24282699,-9061.2628171,false
885,505939,12.12,580.49338148,-9123.41619045,574.28775362,-9130.69749035,586.69900934,-9116.13489054,false
886,505940,11.87,513.99421375,-9184.01169816,508.7510187,-9191.00282677,519.23740881,-9177.02056956,false
887,505941,11.19,516.58031999,-9203.41387706,509.53260936,-9212.83473468,523.62803062,-9193.99301944,false
888,505942,12.78,529.41473456,-9202.01220538,524.9687486,-9209.13820635,533.86072053,-9194.88620441,false
889,505945,13.63,581.09955802,-9198.91498577,576.70024861,-9204.43248306,585.49886744,-9193.39748848,false
890,505946,12.88,562.21709727,-9244.84264139,551.89129463,-9250.39968373,572.54289992,-9239.28559905,false
891,505948,13.59,581.31425193,-9243.85320415,573.5980409,-9251.28739796,589.03046296,-9236.41901033,false
892,505949,11.29,579.06248332,-9288.99137373,571.6181976,-9302.24830653,586.50676905,-9275.73444094,false
893,505960,11.63,691.29011676,-9057.13025775,688.23337515,-9066.10182296,694.34685836,-9048.15869255,false
894,505961,12.27,711.73491147,-9052.3084184,707.26368439,-9058.57840404,716.20613856,-9046.03843276,false
895,505965,12.56,654.6599566,-9148.26987282,649.08941695,-9154.96151703,660.23049625,-9141.57822861,false
896,505966,12.34,690.44726233,-9151.15869349,684.02245699,-9162.43471265,696.87206766,-9139.88267432,false
897,505971,10.75,610.94320597,-9239.24130085,607.00933222,-9243.09640178,614.87707973,-9235.38619993,false
898,505972,11.56,630.6651875,-9242.31147775,625.9497685,-9251.94214935,635.3806065,-9232.68080616,false
899,505973,12.42,646.70121719,-9243.41711689,642.08097282,-9253.34096237,651.32146155,-9233.49327141,false
900,505974,10.84,773.70430531,-9291.10773636,764.48845572,-9297.09385661,782.9201549,-9285.12161611,false
901,505976,10.74,733.05144804,-9292.97639049,726.95609494,-9300.40209954,739.14680115,-9285.55068144,false
902,505978,10.23,711.00261058,-9296.62255389,703.47890028,-9302.38638775,718.52632088,-9290.85872003,false
903,505979,11.81,690.51774095,-9289.16179732,687.72199428,-9298.05500959,693.31348762,-9280.26858505,false
904,505980,11.52,679.70159972,-9289.08809059,673.71570978,-9296.76399148,685.68748965,-9281.4121897,false
905,505984,14.44,842.89963164,-9107.03551584,837.04424034,-9112.86756409,848.75502293,-9101.2034676,false
906,505985,14.11,856.12118144,-9103.86718276,851.3689939,-9112.01868161,860.87336898,-9095.71568391,false
907,505988,14.21,810.4095798,-9242.33168372,805.96956131,-9249.6134895,814.84959829,-9235.04987793,false
908,505989,14.42,841.50837591,-9244.85727819,836.2499191,-9254.30690808,846.76683273,-9235.4076483,false
909,505990,12.43,855.19946047,-9259.31817921,850.24094266,-9264.04236199,860.15797828,-9254.59399642,false
910,505991,10.36,828.00367153,-9298.09316259,824.01203815,-9302.61805146,831.99530491,-9293.56827372,false
911,505992,11.96,843.65312726,-9292.03689719,838.57324421,-9302.12045995,848.73301031,-9281.95333443,false
912,505994,12.15,800.39887028,-9326.38560274,795.46010379,-9332.68078335,805.33763678,-9320.09042214,false
913,505995,14.89,827.05328597,-9322.17936144,815.84268188,-9330.27993309,838.26389006,-9314.0787898,false
914,505997,15.02,867.04266255,-9324.68642652,858.0763449,-9330.64963135,876.0089802,-9318.72322169,false
915,505998,13.69,867.18342077,-9339.17770846,858.21778292,-9345.2635008,876.14905861,-9333.09191612,false
916,505999,14.62,867.45732753,-9353.9873069,858.54312674,-9359.82112942,876.37152832,-9348.15348438,false
917,506000,14.45,867.58991162,-9368.64519569,858.63802107,-9374.77264443,876.54180217,-9362.51774695,false
918,506001,12.26,870.17006553,-9452.19595405,862.82490945,-9460.92557807,877.51522162,-9443.46633003,false
919,506002,15.62,867.80856363,-9514.88454346,859.59193335,-9520.15608692,876.02519391,-9509.613,false
920,506003,16.16,869.68949642,-9577.04940062,860.95354134,-9583.81060123,878.42545149,-9570.2882,false
921,506004,15.8,869.91505216,-9593.52263212,861.00352238,-9599.64920962,878.82658193,-9587.39605461,false
922,506005,11.96,870.05328252,-9607.31304376,861.16692362,-9613.22220219,878.93964142,-9601.40388534,false
923,506006,14.55,870.22091134,-9624.90326527,861.24139219,-9630.99511502,879.20043049,-9618.81141553,false
924,506007,15.26,871.7557205,-9680.1225044,863.61060487,-9688.32132982,879.90083612,-9671.92367897,false
925,506008,16.13,870.89148828,-9700.234887,861.8992764,-9706.16124398,879.88370016,-9694.30853002,false
926,506009,14.61,826.41416469,-9702.34604076,815.36420514,-9706.73863386,837.46412423,-9697.95344766,false
927,506010,14.2,800.94084187,-9694.51124324,789.84386083,-9698.76714745,812.0378229,-9690.25533903,false
928,506013,14.96,802.49566987,-9653.38037945,794.78539524,-9659.05281093,810.20594449,-9647.70794797,false
929,506015,15.13,829.42395794,-9639.96984595,821.61941459,-9645.47973241,837.22850129,-9634.4599595,false
930,506016,13.97,829.62326393,-9658.18015981,821.86358953,-9663.59945404,837.38293834,-9652.76086558,false
931,506017,13.64,828.41384792,-9681.56668154,819.33438073,-9687.08738765,837.49331511,-9676.04597542,false
932,506019,10.88,798.59914657,-9600.40909958,784.52544521,-9605.95251842,812.67284792,-9594.86568073,false
933,506020,13.79,826.56168568,-9558.57064632,818.03103814,-9563.67680399,835.09233322,-9553.46448865,false
934,506022,14.08,785.43370357,-9546.66346754,780.98832903,-9555.0439794,789.87907811,-9538.28295568,false
935,506023,14.05,796.43071878,-9546.60895611,791.54040805,-9555.06604394,801.32102952,-9538.15186828,false
936,506024,13.68,826.11134269,-9532.93886481,817.63773286,-9537.8671182,834.58495252,-9528.01061142,false
937,506025,14.02,826.08693034,-9519.69628009,817.09123956,-9525.70442572,835.08262111,-9513.68813445,false
938,506026,14.85,825.92343617,-9504.44652117,816.93026454,-9510.49281753,834.9166078,-9498.40022481,false
939,506027,14.66,825.83026198,-9490.42852403,816.87616832,-9496.33361951,834.78435565,-9484.52342855,false
940,506028,14.35,825.7761431,-9475.06029521,816.71813932,-9481.16075472,834.83414688,-9468.9598357,false
941,506029,14.46,825.56560032,-9461.13267017,816.63904966,-9467.07699699,834.49215097,-9455.18834334,false
942,506031,14.18,825.7267418,-9431.87559072,817.56529215,-9437.61280237,833.88819145,-9426.13837907,false
943,506032,13.78,825.05573956,-9414.94529345,816.35330334,-9420.66755109,833.75817577,-9409.22303582,false
944,506033,13.78,825.39678224,-9401.54002781,816.77026603,-9407.52450045,834.02329845,-9395.55555517,false
945,506034,13.64,826.33349707,-9384.54077095,818.05372174,-9390.39965209,834.6132724,-9378.68188981,false
946,506037,13.59,794.62040201,-9416.73837726,786.29727532,-9423.93619739,802.94352871,-9409.54055714,false
947,506038,13.78,794.8306336,-9432.15373624,786.63426656,-9437.86888843,803.02700064,-9426.43858405,false
948,506040,14.44,795.3675945,-9461.44177274,786.39064174,-9467.33665214,804.34454726,-9455.54689334,false
949,506041,14.38,795.08861322,-9475.31551762,786.15111576,-9481.34379767,804.02611068,-9469.28723757,false
950,506042,13.92,795.18196137,-9490.78280812,786.23046112,-9496.6955702,804.13346161,-9484.87004603,false
951,506044,14.26,795.30519281,-9504.71706782,786.32413346,-9510.72734482,804.28625217,-9498.70679083,false
952,506045,14.03,795.3869674,-9520.43790602,786.40802734,-9526.44420518,804.36590747,-9514.43160687,false
953,506054,13.16,361.85552735,-9305.94323472,351.97420948,-9308.9476109,371.73684523,-9302.93885854,false
954,506055,12.68,362.0922025,-9313.55752887,352.18848899,-9316.64760188,371.99591602,-9310.46745586,false
955,506056,13.35,361.94193828,-9321.16811209,352.4476599,-9324.16389993,371.43621666,-9318.17232425,false
956,506059,11.49,396.97047265,-9418.88306839,387.5370548,-9422.09831992,406.4038905,-9415.66781686,false
957,506063,14.03,888.25517834,-9102.63030567,883.88323993,-9112.32246098,892.62711675,-9092.93815036,false
958,506064,15.1,917.93831405,-9164.95968475,896.92249828,-9189.43033058,938.95412982,-9140.48903892,false
959,506065,10.61,932.98812059,-9294.16496079,928.98964541,-9301.178863,936.98659578,-9287.15105858,false
960,506066,10.9,942.02409309,-9295.1038402,938.169523,-9300.87515148,945.87866318,-9289.33252892,false
961,506067,10.93,951.31486088,-9295.24576432,947.22322898,-9300.68129831,955.40649279,-9289.81023033,false
962,506069,10.79,963.92894367,-9290.86665578,959.47132318,-9298.94345404,968.38656415,-9282.78985752,false
963,506070,12.9,978.46921905,-9293.31824828,972.89485168,-9299.18754995,984.04358643,-9287.4489466,false
964,506080,12.77,961.5605093,-9430.47075893,955.80205288,-9435.80778535,967.31896572,-9425.13373251,false
965,506081,10.37,963.33545901,-9408.5825905,955.98246719,-9413.69186074,970.68845083,-9403.47332026,false
966,506083,11.03,964.49187518,-9539.99867179,957.48490738,-9544.72743671,971.49884298,-9535.26990687,false
967,506084,15.26,930.28586265,-9543.59237667,922.91402623,-9550.72547409,937.65769907,-9536.45927926,false
968,506085,16,899.86896436,-9575.07326092,890.99726692,-9581.74146721,908.7406618,-9568.40505464,false
969,506086,13.27,900.08292388,-9592.95310161,891.19847922,-9599.08204905,908.96736854,-9586.82415416,false
970,506088,17.25,901.22815561,-9678.72530222,893.82219526,-9686.85111769,908.63411596,-9670.59948675,false
971,506089,18.5,901.44213767,-9697.74091713,893.86722119,-9706.03967443,909.01705415,-9689.44215984,false
972,506091,13.74,1055.06799066,-9631.18298879,1026.41163062,-9678.35416325,1083.7243507,-9584.01181433,false
973,506094,11.44,1251.67083112,-9651.3830031,1231.3761431,-9686.11490783,1271.96551913,-9616.65109836,false
974,506095,10.64,1155.99032006,-9567.23047324,1148.10144805,-9571.26811406,1163.87919207,-9563.19283241,false
975,506096,13.56,1120.48593752,-9541.76124746,1096.15460209,-9574.16241743,1144.81727296,-9509.3600775,false
976,506099,13.97,1128.02050633,-9331.20118274,1121.29490649,-9337.8979682,1134.74610617,-9324.50439729,false
977,506101,12.5,1042.43423103,-9401.63427502,1034.17006477,-9407.92375187,1050.6983973,-9395.34479818,false
978,506108,9.92,1081.20600157,-9296.40435022,1076.49271059,-9300.96893388,1085.91929256,-9291.83976655,false
979,506109,12.03,1034.06300296,-9296.18426193,1028.93706026,-9301.78859029,1039.18894566,-9290.57993358,false
980,506111,13.35,1024.77879098,-9244.7517545,1021.25631325,-9255.16394162,1028.30126871,-9234.33956739,false
981,506112,12.93,1046.26565665,-9244.26522106,1042.72843153,-9254.38095951,1049.80288176,-9234.14948261,false
982,506114,13.37,1113.3576532,-9252.37617856,1108.9866347,-9259.35693483,1117.7286717,-9245.39542229,false
983,506116,15.41,930.40123783,-9559.77513339,923.05950255,-9566.84504396,937.74297311,-9552.70522282,false
984,506118,13.48,878.80949109,-8958.29217186,874.35789719,-8965.51883063,883.26108499,-8951.06551309,false
985,506119,13.07,889.94087277,-8958.39278438,885.44866138,-8965.62793465,894.43308417,-8951.15763411,false
986,506120,13.57,900.93904387,-8969.47719138,896.49876677,-8976.6987137,905.37932097,-8962.25566906,false
987,506122,13.43,944.05217931,-9010.83421612,936.84283288,-9017.64528032,951.26152575,-9004.02315192,false
988,506132,11.6,606.89684766,-9005.91839586,604.0347197,-9016.21383832,609.75897562,-8995.6229534,false
989,506133,11.75,614.48533633,-9007.05659851,611.70405105,-9017.3185601,617.2666216,-8996.79463691,false
990,506134,11.33,663.84776392,-8958.17377653,660.09192298,-8965.275345,667.60360486,-8951.07220806,false
991,506135,11.85,698.91930561,-8961.85521266,696.11879502,-8970.60187024,701.71981619,-8953.10855509,false
992,506137,11,628.23475593,-9012.01684408,623.81251039,-9020.50125207,632.65700147,-9003.53243609,false
993,506138,9.71,322.40139567,-8276.85994252,305.27699702,-8309.12722761,339.52579432,-8244.59265744,false
994,506140,10.99,517.25517137,-8492.46038389,512.10488902,-8498.80770423,522.40545372,-8486.11306355,false
995,506141,8.59,206.37836165,-8536.06507401,200.11202941,-8540.00737972,212.64469389,-8532.12276829,false
996,506148,11.37,620.86107252,-8681.52133136,613.32140703,-8687.51740596,628.40073802,-8675.52525677,false
997,506149,11.41,613.37949092,-8773.73908459,605.45870798,-8786.05339633,621.30027385,-8761.42477285,false
998,506150,12.33,632.13783328,-8772.16752939,624.15111605,-8785.09168119,640.12455052,-8759.24337759,false
999,506154,13.39,758.92124773,-8769.38960212,754.13154647,-8777.40563222,763.71094898,-8761.37357201,false
1000,506155,14.32,736.34240743,-8820.06202546,731.67093603,-8828.1235201,741.01387882,-8812.00053082,false
1001,506156,11.99,724.14891689,-8821.652378,718.91116454,-8830.78666653,729.38666924,-8812.51808947,false
1002,506162,12.42,839.56188351,-8872.91884565,836.02526236,-8877.84518865,843.09850466,-8867.99250265,false
1003,506163,12.5,829.49193665,-8873.57656831,825.87821396,-8878.29658465,833.10565933,-8868.85655198,false
1004,506164,14.36,812.0962082,-8917.03916402,806.63627273,-8924.42452975,817.55614366,-8909.65379828,false
1005,506165,11.96,843.21000609,-8915.33174584,836.7531992,-8925.04056849,849.66681297,-8905.62292319,false
1006,506166,11.8,734.11163677,-8960.55980461,728.52759334,-8966.6053486,739.6956802,-8954.51426062,false
1007,506167,10.61,747.24562301,-8959.30597232,743.13230138,-8967.55515349,751.35894463,-8951.05679115,false
1008,506168,10.93,740.8816634,-8917.96849962,735.49245319,-8925.82047592,746.27087361,-8910.11652332,false
1009,506171,10.65,711.04241906,-8772.34928249,706.07172955,-8778.14315985,716.01310857,-8766.55540514,false
1010,506172,11.79,181.74850036,-8513.32966609,177.03427108,-8518.23945341,186.46272963,-8508.41987878,false
1011,506173,14.66,512.39604777,-8409.28906757,503.04408511,-8419.70188777,521.74801044,-8398.87624737,false
1012,506174,9.75,574.76671416,-8950.9822976,568.69954456,-8959.59641796,580.83388377,-8942.36817725,false
1013,506175,11.83,701.31252629,-8920.29363308,697.74735312,-8926.34030982,704.87769945,-8914.24695634,false
1014,506176,11,670.11356362,-8915.93002523,665.05461173,-8926.30821586,675.17251551,-8905.5518346,false
1015,506177,11.99,654.29394975,-8916.27911103,649.81058218,-8922.03955496,658.77731732,-8910.51866709,false
1016,506178,11.94,643.8199047,-8916.38875488,639.24478338,-8922.23607606,648.39502602,-8910.54143371,false
1017,506179,11.51,532.49488969,-9003.3001486,520.98976506,-9013.32553062,544.00001432,-8993.27476658,false
1018,506180,11.54,567.98644027,-9004.55314429,554.22556658,-9016.15051233,581.74731396,-8992.95577624,false
1019,506181,13.75,827.38329063,-9004.9098484,821.83376181,-9013.45491798,832.93281946,-8996.36477881,false
1020,506285,12.16,575.82102004,-9087.80206593,566.2981007,-9093.71210506,585.34393938,-9081.8920268,false
1021,506286,13.82,358.95436164,-9363.73636579,353.65597857,-9368.88170185,364.2527447,-9358.59102974,false
1022,506288,13.3,841.84879204,-9004.06261722,834.61167829,-9012.61429508,849.08590579,-8995.51093935,false
1023,506290,12.36,873.30589553,-9005.89915855,867.88328891,-9013.91137226,878.72850215,-8997.88694485,false
1024,506318,15.15,899.07821172,-9607.12173375,891.22306514,-9612.88326574,906.9333583,-9601.36020176,false
1025,506319,24.45,865.45845404,-9176.46876035,837.70004753,-9205.55245346,893.21686056,-9147.38506724,false
1026,506324,11.14,169.465431,-8381.37390739,165.63085919,-8386.70387987,173.30000281,-8376.0439349,false
1027,506327,11.8,827.85752285,-9445.48862505,821.33343327,-9450.2945135,834.38161242,-9440.6827366,false
1028,360564,12.13,1419.16321775,-9004.61428144,1413.24101323,-9009.21268861,1425.08542227,-9000.01587428,false
1029,333817,10.48,1231.39275726,-8424.83022685,1224.37356361,-8429.81867719,1238.41195091,-8419.8417765,false
1030,307800,10.92,1092.51897251,-8789.09899162,1086.84468976,-8792.69006456,1098.19325525,-8785.50791867,false
1031,307789,9.3,1147.43220155,-8783.26824449,1144.17891684,-8791.83625018,1150.68548626,-8774.7002388,false
1032,255807,16.96,1357.84933879,-8994.87395339,1349.86855947,-9000.24598953,1365.83011811,-8989.50191724,false
1033,255752,12.3,1307.80618115,-8914.48226407,1303.90342643,-8921.70168445,1311.70893587,-8907.2628437,false
1034,229728,11.04,1669.38517447,-8818.24187952,1665.74075737,-8826.28180684,1673.02959156,-8810.20195219,false
1035,176750,11.46,1152.86661853,-8258.17678841,1146.80837985,-8269.74250135,1158.92485722,-8246.61107547,false
1036,281906,10.94,1441.72929644,-9005.88251285,1437.75965759,-9014.39177054,1445.69893529,-8997.37325515,false
1037,282045,12.72,854.9750764,-9243.30355012,849.70314371,-9250.79792501,860.2470091,-9235.80917524,false
1038,203741,10.55,1632.52897397,-9275.35720813,1628.80108436,-9281.22308872,1636.25686358,-9269.49132754,false
1039,151377,9.31,877.38299712,-8989.79826579,870.66788147,-8993.04855929,884.09811277,-8986.54797228,false
1040,491330,11.88,1139.42654545,-8536.51427259,1135.80565526,-8545.91810936,1143.04743564,-8527.11043581,false
1041,491335,10.34,1076.917238,-8764.50195977,1071.05364098,-8769.58150819,1082.78083503,-8759.42241135,false
1042,491336,12.2,1123.74803101,-8774.26891425,1121.0167509,-8783.87887694,1126.47931111,-8764.65895156,false
1043,491339,11.23,1216.1848392,-8787.09428975,1209.73045966,-8791.70937043,1222.63921874,-8782.47920907,false
1044,491340,9.8,1276.56265749,-8784.34198787,1273.68134342,-8789.53679077,1279.44397155,-8779.14718497,false
1045,491345,9.44,1415.40514181,-8798.36244211,1409.3463291,-8801.54313077,1421.46395452,-8795.18175345,false
1046,491349,11.01,1445.28669903,-8765.38197753,1440.85626686,-8773.46116717,1449.71713121,-8757.3027879,false
1047,491350,11.52,1670.55086197,-8802.40003451,1664.9596032,-8807.06625511,1676.14212074,-8797.73381391,false
1048,491351,11.29,1637.58163514,-8818.52587904,1633.08702513,-8826.92342019,1642.07624515,-8810.12833788,false
1049,491352,13.4,1621.95065233,-8896.41269275,1612.45130058,-8901.47165466,1631.45000409,-8891.35373085,false
1050,491356,9.57,1219.38341579,-8975.76636761,1214.50688364,-8980.23266562,1224.25994793,-8971.3000696,false
1051,491357,11.35,1380.55733956,-8993.5032163,1374.05779938,-9002.35563817,1387.05687974,-8984.65079443,false
1052,491361,11.69,1301.48029729,-8956.50084361,1297.80199588,-8965.30135108,1305.1585987,-8947.70033615,false
1053,491366,13.14,1539.2938242,-8958.47320734,1531.50734017,-8965.89854699,1547.08030824,-8951.0478677,false
1054,491370,12.33,1736.18810274,-8816.252319,1730.50318829,-8821.91462044,1741.87301718,-8810.59001756,false
1055,491377,12.89,1222.32372384,-8492.07313245,1217.48756855,-8502.10397718,1227.15987913,-8482.04228772,false
1056,491378,10.94,1253.57358049,-8540.55508917,1240.85210943,-8545.41848123,1266.29505156,-8535.69169712,false
1057,491379,9.85,1332.64594374,-8532.69790894,1328.40779694,-8541.76775,1336.88409055,-8523.62806787,false
1058,491382,7.95,1421.489574,-8714.86989719,1418.13436619,-8719.69812118,1424.84478181,-8710.0416732,false
1059,491387,11.11,1215.38206782,-8723.49673407,1210.20119748,-8733.39779228,1220.56293817,-8713.59567586,false
1060,491389,13.15,1232.96208205,-8669.52012042,1227.98605283,-8676.25426385,1237.93811128,-8662.78597699,false
1061,491390,12.57,1276.60228054,-8670.34149044,1270.65293434,-8677.41422897,1282.55162674,-8663.26875191,false
1062,491392,11.9,1321.10830531,-8669.15839088,1316.4279597,-8674.93842009,1325.78865092,-8663.37836167,false
1063,491396,12.47,1218.19039443,-8632.81501413,1210.60100274,-8639.85049504,1225.77978613,-8625.77953322,false
1064,491422,9.3,1018.82223379,-8487.39604993,1012.34358227,-8492.22497969,1025.30088531,-8482.56712017,false
1065,491424,11.42,1015.29697802,-8538.27738428,1009.57558642,-8543.48227813,1021.01836961,-8533.07249043,false
1066,491425,10.53,1035.96369061,-8537.84340717,1031.38521297,-8542.3525872,1040.54216825,-8533.33422715,false
1067,491426,11.78,1052.13834839,-8534.64288018,1046.25858463,-8542.0813451,1058.01811215,-8527.20441526,false
1068,491427,11.87,1090.55413315,-8538.03077529,1085.77492649,-8546.06146492,1095.33333982,-8530.00008565,false
1069,491432,13.49,1114.85812137,-8537.17143377,1109.85288556,-8545.73861284,1119.86335717,-8528.60425471,false
1070,491433,9.85,1151.55384465,-8539.39495829,1146.33126997,-8543.82456356,1156.77641932,-8534.96535303,false
1071,491436,11.34,1058.01808192,-8632.42237051,1053.88612162,-8639.92277548,1062.15004222,-8624.92196554,false
1072,491438,11.73,1129.13558294,-8631.92013227,1124.3001929,-8640.0362352,1133.97097299,-8623.80402934,false
1073,491439,11.23,1151.02606804,-8576.6582848,1146.47134977,-8584.13005735,1155.58078631,-8569.18651226,false
1074,491440,11.69,1116.68091219,-8583.10715565,1113.96595186,-8592.20894777,1119.39587252,-8574.00536353,false
1075,491441,13.19,1082.94568977,-8577.1426987,1078.6209777,-8584.21459132,1087.27040184,-8570.07080609,false
1076,491443,12.18,1098.67511836,-8579.92890078,1092.46583637,-8587.50491993,1104.88440036,-8572.35288164,false
1077,491444,12.15,1064.33137639,-8575.38842567,1061.23040361,-8580.71997474,1067.43234917,-8570.0568766,false
1078,491445,9.76,1018.78202017,-8599.13103025,1011.57220338,-8603.15990787,1025.99183696,-8595.10215263,false
1079,491454,10.4,1082.91765863,-8909.14516801,1077.05698373,-8924.59517206,1088.77833354,-8893.69516396,false
1080,491455,12,1097.59169147,-8910.81776373,1093.49247805,-8921.69921953,1101.69090489,-8899.93630793,false
1081,491457,13.17,1136.95832186,-8965.7855457,1132.46802561,-8973.65651683,1141.44861811,-8957.91457457,false
1082,491458,13.77,1150.4117021,-8955.51652464,1145.82700113,-8962.71827076,1154.99640306,-8948.31477853,false
1083,491463,13.17,1173.62499262,-9013.76415932,1164.98574123,-9019.25456784,1182.26424401,-9008.2737508,false
1084,491464,10.53,1162.84770523,-8992.70859476,1156.73710196,-8998.54173823,1168.9583085,-8986.8754513,false
1085,491465,12.78,1105.66044193,-9013.64243974,1102.68151062,-9018.79218449,1108.63937324,-9008.49269499,false
1086,491466,11.28,1074.70793773,-9007.33379669,1068.98092285,-9012.2695805,1080.43495261,-9002.39801287,false
1087,491467,11.33,1069.80573569,-8959.58436456,1067.21811512,-8968.78806098,1072.39335625,-8950.38066815,false
1088,491468,9.99,1115.37228761,-8860.26562434,1112.14170945,-8864.97228045,1118.60286578,-8855.55896823,false
1089,491471,12.28,948.68406421,-8768.00908186,941.6278717,-8773.77774852,955.74025672,-8762.24041519,false
1090,491472,11.24,936.59813182,-8537.26005522,931.75129588,-8545.40737141,941.44496776,-8529.11273903,false
1091,491473,10.97,921.52177349,-8538.10702342,917.38782318,-8546.83116035,925.65572381,-8529.3828865,false
1092,491475,12.91,984.2604741,-8201.77570687,979.22775271,-8205.61013993,989.2931955,-8197.94127382,false
1093,491477,10.64,944.62100774,-8188.1756925,939.44732004,-8191.9070704,949.79469543,-8184.44431459,false
1094,491480,9.05,933.99339508,-8168.4734451,928.61363948,-8174.72038219,939.37315068,-8162.22650801,false
1095,491482,16.87,1425.7122966,-9276.78613813,1413.53792809,-9284.63627147,1437.88666511,-9268.93600478,false
1096,491483,13.55,1503.17098909,-9236.04985793,1499.19282109,-9241.93019195,1507.14915709,-9230.16952391,false
1097,491484,13.86,1519.71733394,-9239.39936999,1512.48841364,-9248.38048338,1526.94625423,-9230.41825659,false
1098,491488,10.53,1542.00796358,-9199.53036597,1538.07324197,-9205.94901949,1545.94268519,-9193.11171245,false
1099,491489,10.51,1522.76341545,-9197.80630549,1517.55750089,-9203.77606966,1527.96933001,-9191.83654132,false
1100,491491,13.84,1475.6724133,-9197.68529857,1470.62788659,-9202.74776177,1480.71694002,-9192.62283537,false
1101,491494,15.26,1416.08956127,-9141.74784071,1410.35766071,-9146.94171609,1421.82146183,-9136.55396534,false
1102,491497,12.21,1543.18891166,-9083.62913886,1537.90968915,-9087.53072459,1548.46813417,-9079.72755313,false
1103,491498,12.13,1533.29130081,-9052.23081848,1529.84583431,-9062.22277331,1536.73676732,-9042.23886365,false
1104,491499,15.39,1481.08323013,-9096.27557889,1476.10356308,-9101.18822286,1486.06289719,-9091.36293491,false
1105,491500,14.01,1450.70667004,-9096.83523724,1445.35932838,-9108.57837094,1456.05401171,-9085.09210355,false
1106,491501,11.6,1413.27771273,-9083.95450167,1408.4173053,-9088.79092039,1418.13812016,-9079.11808294,false
1107,491503,14.2,1426.40864796,-9061.27229097,1422.73222576,-9068.14900609,1430.08507017,-9054.39557585,false
1108,491504,12.32,1326.93819636,-9292.25065092,1322.66910224,-9299.52365588,1331.20729047,-9284.97764596,false
1109,491505,13.81,1358.45792622,-9290.44142037,1351.91334777,-9298.72852582,1365.00250468,-9282.15431492,false
1110,491506,11.64,1372.19719216,-9246.2720384,1367.36035189,-9250.95056311,1377.03403243,-9241.59351368,false
1111,491508,11.44,1276.19443719,-9236.8785025,1272.38797493,-9241.92333065,1280.00089945,-9231.83367434,false
1112,491509,12.92,1238.32484938,-9293.73632681,1232.9307893,-9301.51438526,1243.71890947,-9285.95826835,false
1113,491511,14.16,1181.29016066,-9107.60134945,1176.10133894,-9113.9410105,1186.47898238,-9101.26168839,false
1114,491512,11.47,1130.88566345,-9054.92962534,1127.88911386,-9063.64365603,1133.88221303,-9046.21559465,false
1115,491513,10.95,1120.44428921,-9050.14059428,1116.22907486,-9055.99736577,1124.65950356,-9044.2838228,false
1116,491514,13.2,1106.47046607,-9050.37113334,1102.09228221,-9056.05605978,1110.84864993,-9044.6862069,false
1117,491515,11.86,1081.66970504,-9050.15862445,1077.29140843,-9056.91237731,1086.04800164,-9043.40487159,false
1118,491839,11.5,1240.99358638,-9414.23780721,1233.6607035,-9420.81341906,1248.32646926,-9407.66219536,false
1119,491844,12.85,922.95644353,-9427.61503046,916.4349177,-9434.4993854,929.47796935,-9420.73067551,false
1120,491851,14.59,934.4599436,-9368.27265213,925.52418982,-9374.33915323,943.39569738,-9362.20615102,false
1121,491854,13.55,886.72532664,-9050.78845583,881.99458653,-9055.59184103,891.45606675,-9045.98507063,false
1122,491857,14.57,794.43865714,-9386.07164141,786.09149961,-9393.17718683,802.78581467,-9378.96609599,false
1123,491859,11.19,825.21692508,-9576.2426038,816.42934283,-9581.34413705,834.00450732,-9571.14107056,false
1124,491862,11.42,825.01737263,-9599.87313615,817.07668809,-9604.36807825,832.95805716,-9595.37819405,false
1125,491863,13.32,867.32190462,-9660.64499061,860.98740184,-9666.4832958,873.6564074,-9654.80668542,false
1126,491864,14.68,864.1053882,-9559.87959766,852.85600553,-9568.38977216,875.35477086,-9551.36942316,false
1127,491867,11.09,810.31734567,-9296.25734003,805.41229167,-9302.29664997,815.22239966,-9290.2180301,false
1128,491873,12.05,748.83661105,-9296.32343125,742.88025775,-9304.56069829,754.79296435,-9288.0861642,false
1129,491875,10.9,693.84036148,-9239.9480106,689.86207716,-9246.30910687,697.8186458,-9233.58691434,false
1130,491876,14.14,778.498669,-9148.24941386,773.74744169,-9156.1745244,783.24989632,-9140.32430331,false
1131,491882,13.89,727.78386788,-9090.97240908,723.96607431,-9096.91708103,731.60166146,-9085.02773712,false
1132,491883,10.97,724.60698355,-9051.99292371,719.02971477,-9058.03327749,730.18425233,-9045.95256994,false
1133,491884,11.54,698.9386515,-9058.9446292,695.94670909,-9067.89738861,701.93059391,-9049.9918698,false
1134,491886,10.8,654.39704317,-9107.27343001,650.22431019,-9111.66944446,658.56977615,-9102.87741556,false
1135,491887,11.39,640.61507551,-9106.40681523,634.79663989,-9114.74927782,646.43351112,-9098.06435265,false
1136,491889,11.67,625.69236144,-9106.425056,619.52823602,-9114.18738538,631.85648686,-9098.66272661,false
1137,491898,12.56,445.49808406,-9402.96844651,436.38293729,-9406.28737247,454.61323082,-9399.64952056,false
1138,491899,12.84,445.33759355,-9395.33738447,436.1334101,-9398.61479738,454.54177701,-9392.05997157,false
1139,491900,11.32,439.24704126,-9363.35508492,431.57484629,-9373.03768948,446.91923623,-9353.67248036,false
1140,491912,11.89,463.96711943,-9119.85827781,452.41918371,-9126.03716405,475.51505515,-9113.67939157,false
1141,491914,12.95,355.23381776,-9236.41291149,347.07325825,-9242.03263311,363.39437726,-9230.79318988,false
1142,491916,12.78,391.35596945,-9113.62288842,382.53157548,-9118.43877792,400.18036342,-9108.80699892,false
1143,491917,12.89,308.16902497,-9120.91215928,299.16907791,-9125.79346435,317.16897204,-9116.03085422,false
1144,491918,12.68,306.24112018,-9129.44785013,296.97458917,-9132.48630616,315.50765118,-9126.40939411,false
1145,492416,6.87,568.16470464,-9379.03742585,559.09165252,-9382.04041824,577.23775677,-9376.03443346,false
1146,495815,10.56,680.0404858,-7980.92075486,676.4131669,-7983.72933606,683.66780471,-7978.11217366,false
1147,495817,8.58,744.56896268,-8538.85442439,739.41487575,-8541.83558432,749.72304961,-8535.87326446,false
1148,495840,13.38,1512.12148423,-9286.93037789,1507.53078311,-9292.69416487,1516.71218534,-9281.16659091,false
1149,495843,7.95,1529.7977167,-9187.49453864,1524.30127822,-9191.0772782,1535.29415517,-9183.91179909,false
1150,495844,10.65,1417.11213681,-9154.84957923,1413.73795105,-9158.3065279,1420.48632257,-9151.39263056,false
1151,495846,13.3,1542.7853677,-9095.38813502,1537.73244517,-9102.24874375,1547.83829022,-9088.52752629,false
1152,495852,9.8,1069.61524171,-9063.48644125,1066.11387364,-9067.27130396,1073.11660978,-9059.70157854,false
1153,495860,8.63,1460.28514479,-8987.9549191,1454.93703285,-8992.24662903,1465.63325674,-8983.66320917,false
1154,495863,9.52,1263.65901745,-8893.95993914,1259.80862273,-8898.68109657,1267.50941217,-8889.23878171,false
1155,495872,7.55,1491.28661736,-8880.85641708,1489.06754051,-8884.91514616,1493.50569421,-8876.79768799,false
1156,495873,8.25,964.37824476,-8784.18130995,961.87152708,-8789.61646272,966.88496244,-8778.74615719,false
1157,495882,9.54,1242.12346312,-8787.57180566,1238.51068756,-8791.16239246,1245.73623868,-8783.98121887,false
1158,495887,8.06,1057.25885643,-8518.65978514,1054.54029748,-8523.46341744,1059.97741538,-8513.85615283,false
1159,495898,8.24,892.89165943,-8501.97270399,890.07623454,-8508.74097218,895.70708432,-8495.2044358,false
1160,495900,9.07,1442.83079816,-8892.39915423,1438.88542372,-8895.2894532,1446.7761726,-8889.50885525,false
1161,495909,9.22,1311.16644457,-8518.27192034,1307.43912214,-8521.98830061,1314.89376701,-8514.55554007,false
1162,495913,10.35,1432.23431106,-8801.92774729,1427.93808798,-8806.27224145,1436.53053414,-8797.58325312,false
1163,495920,8.7,1332.63038462,-8897.5800625,1329.23834703,-8900.90274226,1336.02242222,-8894.25738273,false
1164,495933,8.79,1433.29010737,-8972.50771843,1428.82991301,-8976.38377285,1437.75030174,-8968.63166402,false
1165,495937,10.91,1461.89830986,-8784.75942882,1455.01129175,-8789.20107109,1468.78532797,-8780.31778656,false
1166,495942,10.56,1126.91565687,-8710.52593255,1122.19109867,-8716.85419235,1131.64021507,-8704.19767275,false
1167,495944,9.89,1216.74195844,-8515.38572056,1210.21386744,-8518.59196851,1223.27004945,-8512.17947261,false
1168,495950,8.97,1319.84085198,-8518.74495335,1316.56788899,-8522.5856999,1323.11381497,-8514.90420681,false
1169,495951,10.93,1449.00116877,-8990.94827687,1445.29151223,-8994.5792071,1452.71082532,-8987.31734663,false
1170,495952,8.69,1432.26652617,-8985.83108087,1427.52112024,-8989.09230161,1437.0119321,-8982.56986012,false
1171,495958,10.68,1416.68207914,-8892.80081511,1411.4421068,-8896.52177593,1421.92205148,-8889.07985429,false
1172,495965,8.94,1643.27603057,-8801.99261493,1640.12656802,-8807.18703101,1646.42549312,-8796.79819884,false
1173,495968,8.87,1461.55056665,-8797.57140181,1457.48771465,-8801.18380743,1465.61341866,-8793.95899618,false
1174,495970,9.79,1518.73426036,-8785.46195048,1515.32807389,-8789.1334608,1522.14044683,-8781.79044016,false
1175,495974,8.56,1488.04783883,-8731.4556661,1484.43885138,-8735.93050523,1491.65682627,-8726.98082697,false
1176,495976,8.5,1044.85356157,-8707.84656815,1040.79849871,-8711.21439307,1048.90862443,-8704.47874322,false
1177,495979,9.59,1243.95748008,-8691.63309895,1240.26167615,-8695.49554675,1247.653284,-8687.77065115,false
1178,495981,8.29,1165.92965829,-8612.69778918,1162.78664341,-8616.74991729,1169.07267317,-8608.64566107,false
1179,495993,9.98,1279.38306836,-8505.07465572,1272.88580022,-8508.93255771,1285.8803365,-8501.21675374,false
1180,495994,9.69,1122.62642104,-8500.10480085,1118.26299677,-8506.35920379,1126.98984532,-8493.85039791,false
1181,495995,8.46,884.93446464,-8499.72855178,881.04275421,-8503.97739852,888.82617508,-8495.47970504,false
1182,495996,8.97,930.1279158,-8488.86000785,926.02475195,-8492.85777062,934.23107965,-8484.86224509,false
1183,495998,9.11,924.10975629,-8448.12085839,921.13379184,-8453.52499276,927.08572074,-8442.71672402,false
1184,496000,9.21,1280.22551454,-8434.97337251,1276.33138852,-8438.33156664,1284.11964056,-8431.61517838,false
1185,496002,9.3,1039.58913015,-8433.63939103,1036.28042737,-8437.0474243,1042.89783292,-8430.23135775,false
1186,496005,11.97,1056.58797305,-8266.13370272,1053.10728223,-8271.15212679,1060.06866388,-8261.11527866,false
1187,496006,9.05,963.68380841,-8251.06656531,960.36717888,-8254.75732176,967.00043794,-8247.37580887,false
1188,496008,10.35,1425.81603926,-9258.10952283,1422.31520633,-9261.25917924,1429.31687218,-9254.95986642,false
1189,496014,9,1494.67497296,-9187.74008436,1492.14834049,-9191.17453953,1497.20160543,-9184.30562919,false
1190,496016,7.53,1411.76387691,-9258.90799535,1408.04903163,-9261.1027297,1415.47872219,-9256.71326101,false
1191,496019,15.34,1463.7195302,-9257.63673401,1458.61142755,-9262.22919332,1468.82763285,-9253.04427471,false
1192,496020,10.65,1540.04880079,-9269.15035284,1536.71144499,-9272.63259837,1543.38615659,-9265.66810731,false
1193,496021,10.85,1440.02040637,-9256.87099795,1436.89044527,-9261.06313787,1443.15036746,-9252.67885803,false
1194,496022,8.54,1517.34989066,-9091.1858297,1513.95685316,-9095.30800997,1520.74292816,-9087.06364943,false
1195,496802,8.21,761.16695957,-8882.34332866,757.07071142,-8886.19418202,765.26320772,-8878.4924753,false
1196,496809,8.77,945.87198857,-9413.46971649,940.79392138,-9418.07735442,950.95005575,-9408.86207856,false
1197,496810,9.68,941.06622867,-9434.60344453,934.82795797,-9439.36883738,947.30449936,-9429.83805168,false
1198,496812,10.57,952.35547054,-9260.47831912,948.97340514,-9264.32147093,955.73753595,-9256.6351673,false
1199,496825,9,656.30592227,-9252.29954485,652.86230662,-9258.67474327,659.74953792,-9245.92434642,false
1200,496827,9.71,710.43419972,-9182.0330145,704.43456643,-9186.29694743,716.43383301,-9177.76908158,false
1201,496828,11.19,722.14896408,-9180.324232,718.11245218,-9184.85320802,726.18547598,-9175.79525598,false
1202,496830,9.44,607.90280598,-9168.24337839,603.74734979,-9172.07580252,612.05826217,-9164.41095426,false
1203,496833,12.5,552.18938279,-9283.63732333,546.48454721,-9288.51535998,557.89421838,-9278.75928669,false
1204,496840,8.61,464.38701764,-9367.28543737,460.18482307,-9370.84660293,468.58921221,-9363.72427181,false
1205,496843,9.77,459.98502999,-9270.84297131,456.70783942,-9275.92600475,463.26222056,-9265.75993787,false
1206,496890,9.15,818.9508866,-8879.79678832,814.31293482,-8883.56478131,823.58883837,-8876.02879533,false
1207,496892,10.14,751.43018665,-9013.2147888,748.10758446,-9018.97533525,754.75278884,-9007.45424235,false
1208,496893,9.27,830.71548092,-8988.88513523,826.71484876,-8992.25392325,834.71611308,-8985.51634721,false
1209,496895,9.11,760.0113494,-8898.01324703,755.79812843,-8901.6747346,764.22457038,-8894.35175946,false
1210,496896,7.67,618.36489333,-8895.96160729,611.4019665,-8898.8857611,625.32782016,-8893.03745349,false
1211,496898,8.87,625.86194583,-8990.78735907,617.40135487,-8994.49927525,634.32253679,-8987.07544289,false
1212,496899,9.71,562.67595411,-8895.2011601,559.14262354,-8899.87189833,566.20928467,-8890.53042188,false
1213,496901,9.86,563.26092879,-8927.94313303,558.88686053,-8932.91227877,567.63499706,-8922.97398728,false
1214,496910,8.89,686.94412789,-8884.08097043,682.0089885,-8888.55495934,691.87926728,-8879.60698153,false
1215,496914,8.18,978.54091196,-9278.83596985,974.96050093,-9281.63449766,982.12132299,-9276.03744204,false
1216,496915,11.43,1050.51332695,-9287.79118959,1045.53145894,-9292.48765707,1055.49519495,-9283.09472211,false
1217,496917,9.81,1056.43747449,-9179.27117337,1052.72356722,-9183.80766451,1060.15138176,-9174.73468223,false
1218,496919,10.59,979.75177617,-9259.10978058,974.23212791,-9263.24658677,985.27142442,-9254.97297439,false
1219,496920,13.26,902.64573336,-9518.79926464,896.68348717,-9524.95018798,908.60797955,-9512.64834131,false
1220,496924,9.06,953.55627443,-9350.55980426,950.24393647,-9355.77805124,956.86861239,-9345.34155728,false
1221,496929,10.41,861.45136256,-9089.6585115,857.02872617,-9093.04288203,865.87399894,-9086.27414098,false
1222,496931,10.63,578.89075454,-9307.91716315,574.31365965,-9312.77412444,583.46784944,-9303.06020186,false
1223,496933,9.6,743.30040153,-9180.93372321,739.49645867,-9185.65973416,747.10434439,-9176.20771227,false
1224,496936,12.3,367.57559669,-9272.18523145,361.97996975,-9276.86540562,373.17122364,-9267.50505728,false
1225,496937,10.12,635.934023,-9260.7355054,631.69414349,-9265.01676378,640.1739025,-9256.45424702,false
1226,496938,9.51,556.60844056,-9099.56454429,552.13889373,-9104.07150855,561.0779874,-9095.05758003,false
1227,496942,9.34,568.42711267,-9104.64839209,564.81742231,-9108.64558215,572.03680303,-9100.65120203,false
1228,496943,9.43,659.9870317,-9167.40094604,656.27785095,-9171.44465082,663.69621244,-9163.35724127,false
1229,496944,8.11,455.69570642,-9382.21251891,451.46059797,-9386.08606334,459.93081487,-9378.33897448,false
1230,496945,9.47,703.43569437,-9262.25997059,699.68818159,-9266.04992794,707.18320714,-9258.47001324,false
1231,496946,10.13,463.00971057,-9296.04460976,458.99343159,-9299.63250709,467.02598955,-9292.45671243,false
1232,496951,8.12,468.12350636,-9347.93215121,464.03740142,-9351.49330345,472.2096113,-9344.37099897,false
1233,496953,7.36,838.94951357,-9275.23756376,835.37851119,-9279.91933408,842.52051594,-9270.55579344,false
1234,496956,9.59,777.62140262,-9168.10853353,773.59471832,-9171.10039309,781.64808691,-9165.11667398,false
1235,281087,14.16,501.97060953,-8019.89651401,492.70941874,-8037.83231827,511.23180032,-8001.96070975,false
1236,99640,13.31,867.95747981,-8048.77475324,837.23917758,-8062.46948251,898.67578204,-8035.08002398,false
1237,99256,13.14,527.07936013,-7942.0466402,504.88297701,-7952.79135299,549.27574326,-7931.3019274,false
1238,99051,21.47,572.20471939,-7888.55768537,556.63530821,-7902.43454598,587.77413058,-7874.68082477,false
1239,229250,13.36,682.8589874,-8281.68385944,674.70892285,-8300.74720999,691.00905195,-8262.62050889,false
1240,307297,17.54,1093.58418913,-8204.87516055,1068.45054607,-8215.80999972,1118.71783218,-8193.94032138,false
1241,491353,16.26,1700.11345257,-8865.45849481,1691.98666973,-8884.01064475,1708.24023541,-8846.90634486,false
1242,503895,11.83,272.99535623,-7771.18202715,229.80302779,-7812.15626147,316.18768467,-7730.20779284,false
1243,503897,13.79,708.18800487,-8366.26185384,658.48198647,-8381.61675957,757.89402327,-8350.9069481,false
1244,504197,11.12,714.83888214,-8421.10994618,681.31969449,-8443.14862043,748.35806978,-8399.07127192,false
1245,504247,21.19,1581.72321024,-9190.30923809,1574.14388932,-9208.88195322,1589.30253115,-9171.73652295,false
1246,504502,11.6,553.94348186,-8183.50244745,543.11221743,-8206.52441456,564.77474629,-8160.48048034,false
1247,504505,13.39,745.45135293,-8255.58816832,720.34577321,-8271.49641715,770.55693265,-8239.67991948,false
1248,504518,9.48,558.16712322,-7763.13334926,527.29222424,-7792.40301526,589.0420222,-7733.86368326,false
1249,504519,21.43,704.8377293,-8099.15379567,695.48975891,-8113.2345442,714.1856997,-8085.07304714,false
1250,504520,9.26,449.85165255,-7860.22604999,442.94766729,-7872.62921365,456.75563782,-7847.82288633,false
1251,504522,11.14,488.86746648,-7807.95052893,465.50932661,-7825.4888572,512.22560635,-7790.41220065,false
1252,504523,9.55,692.07338299,-7938.84748012,656.21927066,-7957.02245427,727.92749533,-7920.67250597,false
1253,504528,10.93,650.16156302,-7881.00049947,636.75925991,-7904.77920137,663.56386612,-7857.22179757,false
1254,504531,12.34,412.33878002,-8032.84979509,382.06618055,-8063.42323322,442.61137948,-8002.27635695,false
1255,504533,10.38,436.42833022,-7937.58952551,414.74453601,-7952.92601639,458.11212442,-7922.25303463,false
1256,504567,15.48,1072.17348707,-8866.25975142,1069.25675015,-8870.24447815,1075.09022399,-8862.27502468,false
1257,504586,13.45,1059.90067131,-8824.32454431,1054.3208544,-8828.77483808,1065.48048823,-8819.87425054,false
1258,504586,13.44,1059.90067131,-8824.32454431,1054.3208544,-8828.77483808,1065.48048823,-8819.87425054,false
1259,506158,12.57,625.94766956,-8861.29804019,620.60631926,-8865.30871381,631.28901986,-8857.28736658,false
1260,506158,12.58,625.94766956,-8861.29804019,620.60631926,-8865.30871381,631.28901986,-8857.28736658,false
1261,506159,12.21,610.99756133,-8874.41982135,605.56496248,-8878.48151703,616.43016019,-8870.35812567,false
1262,506159,12.2,610.99756133,-8874.41982135,605.56496248,-8878.48151703,616.43016019,-8870.35812567,false
1263,281087,10.09,516.94444008,-8025.07494975,510.63011115,-8041.74962033,523.25876901,-8008.40027916,false
1264,99640,15.36,825.48722946,-8047.98265438,813.48243002,-8061.85934783,837.4920289,-8034.10596093,false
1265,99256,13.48,568.78199676,-7942.50452332,549.2078299,-7953.17456637,588.35616362,-7931.83448027,false
1266,503895,13.24,320.88789686,-7836.63359363,296.18738947,-7855.78927467,345.58840425,-7817.47791259,false
1267,503895,9.12,298.79884985,-7812.44657387,270.80731754,-7836.19511324,326.79038216,-7788.69803449,false
1268,503897,12.98,689.01930264,-8338.31145215,666.00574778,-8352.07133092,712.0328575,-8324.55157338,false
1269,504197,10.81,630.08644272,-8423.36756935,609.83886261,-8448.11616763,650.33402282,-8398.61897107,false
1270,504197,10.93,735.93541121,-8453.34663147,681.37130323,-8463.77869811,790.4995192,-8442.91456483,false
1271,504197,18.98,665.03517491,-8443.80555721,650.43127545,-8458.60882278,679.63907437,-8429.00229165,false
1272,504197,8.48,673.45945712,-8414.7239115,650.2657818,-8431.12131629,696.65313243,-8398.32650671,false
1273,504197,12.89,673.45945712,-8414.7239115,650.2657818,-8431.12131629,696.65313243,-8398.32650671,false
1274,504502,8.23,523.74511052,-8179.08494612,504.18275774,-8197.6895715,543.3074633,-8160.48032075,false
1275,504502,12.27,574.70461992,-8191.17713954,561.75836261,-8221.31255608,587.65087723,-8161.04172299,false
1276,504502,20.5,574.70461992,-8191.17713954,561.75836261,-8221.31255608,587.65087723,-8161.04172299,false
1277,504505,23.61,766.72454814,-8285.66350441,747.10363033,-8301.02643285,786.34546596,-8270.30057596,false
1278,504518,9.43,563.66876974,-7808.81629612,543.70707659,-7826.01313911,583.63046289,-7791.61945313,false
1279,504520,9.07,431.37489969,-7892.14547599,419.88694838,-7899.14925678,442.862851,-7885.14169519,false
1280,504520,9.22,454.28202003,-7890.41581545,442.77826846,-7897.99172077,465.78577161,-7882.83991014,false
1281,504522,13.29,468.43539339,-7736.78005742,454.89867708,-7745.1885249,481.97210971,-7728.37158994,false
1282,504522,10.95,497.03779808,-7752.44943036,481.57449406,-7790.70538971,512.50110209,-7714.19347102,false
1283,504523,9.75,740.52319578,-7961.73895812,723.68168656,-7977.84331034,757.36470499,-7945.63460589,false
1284,504531,13.29,456.02986138,-8023.47822231,442.52940324,-8041.24078239,469.53031953,-8005.71566223,false
1285,504533,10.28,442.61099289,-7963.69207866,427.10986137,-7974.48768246,458.11212442,-7952.89647487,false
1286,504533,13.22,492.71021141,-7937.92725766,481.5643851,-7953.07270759,503.85603772,-7922.78180773,false
1287,504567,15.5,1072.08437808,-8874.29084379,1069.16951553,-8878.41246842,1074.99924063,-8870.16921916,false
1288,504586,13.45,1058.04338261,-8817.26727276,1053.27530706,-8819.90064309,1062.81145816,-8814.63390243,false
1289,504586,13.25,1060.00718656,-8810.41978478,1054.50204223,-8814.75596236,1065.51233089,-8806.0836072,false
1290,504586,13.27,1060.00718656,-8810.41978478,1054.50204223,-8814.75596236,1065.51233089,-8806.0836072,false
1291,506158,12.64,627.49629735,-8867.91104646,623.06395645,-8870.56982861,631.92863826,-8865.25226432,false
1292,506158,12.27,625.8809709,-8874.38063081,620.52768707,-8878.35549318,631.23425473,-8870.40576845,false
1293,506158,12.22,625.8809709,-8874.38063081,620.52768707,-8878.35549318,631.23425473,-8870.40576845,false
1294,506159,13.95,612.50848706,-8867.90376051,608.02532445,-8870.52472765,616.99164968,-8865.28279337,false
1295,506159,12.21,611.1430181,-8861.36869563,605.71481334,-8865.35662515,616.57122286,-8857.3807661,false
1296,506159,12.2,611.1430181,-8861.36869563,605.71481334,-8865.35662515,616.57122286,-8857.3807661,false
1297,93761,15.65,392.01889218,-9362.74783859,385.47724716,-9369.20017606,398.56053721,-9356.29550113,false
1298,589008,17.45,742.97241326,-9069.05561944,739.84672604,-9071.92789136,746.09810047,-9066.18334752,false
1299,506011,14.38,802.86166236,-9682.30365679,793.9983531,-9688.26732031,811.72497162,-9676.33999328,false
1300,506012,15.37,802.38010761,-9668.60132197,794.69747008,-9674.07831945,810.06274514,-9663.12432449,false
1301,506014,13.33,799.02431137,-9640.02889038,787.6239552,-9646.12905646,810.42466754,-9633.9287243,false
1302,506317,15.43,900.32890856,-9625.28196634,891.22795428,-9631.42465143,909.42986283,-9619.13928124,false
1303,386758,10.56,895.18310989,-9446.26518956,884.05610285,-9450.59276187,906.31011694,-9441.93761725,false
1304,506039,14.25,795.67384391,-9445.99896859,786.83641128,-9451.91526004,804.51127654,-9440.08267714,false
1305,491896,10.52,474.53553088,-9444.47899566,463.04729822,-9452.43733222,486.02376353,-9436.5206591,false
1306,506077,10.37,907.5750987,-9426.34706134,900.9611476,-9433.09387771,914.1890498,-9419.60024496,false
1307,412921,11.89,477.34179131,-9422.75826067,469.63129609,-9434.28484599,485.05228653,-9411.23167536,false
1308,506035,13.13,793.77329965,-9402.10692383,784.34904325,-9407.95627936,803.19755605,-9396.2575683,false
1309,360798,12.67,477.62106993,-9403.34641825,470.73482394,-9407.52659838,484.50731592,-9399.16623812,false
1310,104748,13.59,1015.27446736,-9342.48020866,1007.77506018,-9356.43782723,1022.77387455,-9328.52259009,false
1311,230064,14.67,962.37044553,-9326.63758667,950.98208681,-9337.91123895,973.75880425,-9315.36393439,false
1312,496007,12.28,1470.15969366,-9286.22220079,1467.4960624,-9290.33239109,1472.82332493,-9282.11201048,false
1313,230049,13.29,1312.93830304,-9287.44439448,1308.44532761,-9295.3014115,1317.43127846,-9279.58737746,false
1314,0,14.76,1346.86004545,-9287.15424476,1343.86414991,-9297.42798842,1349.855941,-9276.8805011,false
1315,203737,15.08,1474.89118519,-9276.52100009,1469.8754736,-9282.78023939,1479.90689677,-9270.26176078,false
1316,506110,12.67,1014.90210547,-9289.43906836,1007.50791745,-9296.26924741,1022.2962935,-9282.60888931,false
1317,506053,13.22,360.91106385,-9298.46058285,350.43043954,-9301.59903983,371.39168816,-9295.32212587,false
1318,151575,12.59,656.38049443,-9290.61951433,649.93095341,-9300.18711079,662.83003546,-9281.05191786,false
1319,505981,11.67,667.65445456,-9289.34513476,664.94291109,-9298.26876258,670.36599802,-9280.42150694,false
1320,495851,9.11,1316.36405181,-9259.58430634,1312.97331719,-9263.00331331,1319.75478642,-9256.16529938,false
1321,334484,9.47,1101.69536681,-9259.66253962,1097.53620005,-9263.45638761,1105.85453357,-9255.86869162,false
1322,360719,10.64,1702.3460551,-9243.94542537,1691.03334795,-9262.01247658,1713.65876226,-9225.87837417,false
1323,504220,16,1359.077479,-9243.188612,1353.81143368,-9252.28449564,1364.34352433,-9234.09272835,false
1324,504219,13.09,1344.60111683,-9245.74417371,1337.2777038,-9260.50047463,1351.92452986,-9230.98787279,false
1325,104445,12.22,1326.50199297,-9237.22945307,1321.77321608,-9243.07080982,1331.23076986,-9231.38809633,false
1326,491507,14.89,1310.01301593,-9238.86314965,1304.30533968,-9245.9296881,1315.72069219,-9231.7966112,false
1327,506113,13.46,1102.00649292,-9240.92571851,1097.74075979,-9247.84676408,1106.27222605,-9234.00467294,false
1328,505913,16.61,473.51502255,-9230.43194813,466.36335883,-9235.61005984,480.66668627,-9225.25383643,false
1329,177541,12.9,631.74830254,-9199.46421424,626.76118305,-9205.83030622,636.73542203,-9193.09812227,false
1330,412790,11.6,542.56461317,-9196.90516535,537.66435056,-9205.41536171,547.46487578,-9188.39496899,false
1331,151520,11.38,553.66724363,-9196.62905564,548.65419794,-9205.24262516,558.68028933,-9188.01548612,false
1332,491493,15.21,1444.81452224,-9146.2583648,1438.44828849,-9154.48672211,1451.18075599,-9138.03000749,false
1333,104096,12.23,672.71177118,-9147.26528618,667.70391492,-9152.92225514,677.71962745,-9141.60831722,false
1334,506049,13.54,307.1740234,-9144.69487592,297.80686251,-9147.78781808,316.54118428,-9141.60193376,false
1335,505884,13.77,306.94114835,-9137.08559463,297.47675219,-9140.13285315,316.40554451,-9134.03833611,false
1336,151472,12.44,356.3974436,-9135.4842157,347.56139702,-9138.48016344,365.23349018,-9132.48826795,false
1337,308064,11.92,356.16919721,-9127.88300413,347.28708326,-9130.97165543,365.05131115,-9124.79435284,false
1338,504238,12.87,1558.93499467,-9098.34186762,1551.82011045,-9113.21667231,1566.0498789,-9083.46706292,false
1339,505983,11.57,826.18115708,-9107.19864623,820.66508611,-9112.30787223,831.69722805,-9102.08942023,false
1340,0,10.83,1663.15085081,-9087.75349188,1657.7501959,-9098.45407429,1668.55150571,-9077.05290947,false
1341,505987,14.97,871.99632725,-9103.36875337,867.39541916,-9111.97916487,876.59723534,-9094.75834187,false
1342,505963,13.68,753.63993615,-9104.29928529,744.92127702,-9111.60004427,762.35859528,-9096.9985263,false
1343,505937,11.06,513.93117145,-9100.00682808,507.04072683,-9104.82182215,520.82161606,-9095.19183401,false
1344,506325,14.43,773.9183613,-9088.03258474,764.28138632,-9094.17399809,783.55533628,-9081.89117139,false
1345,504236,11.54,1555.70614986,-9052.55580432,1552.97629703,-9063.20067288,1558.43600269,-9041.91093577,false
1346,386509,10.35,430.50731496,-9077.41204205,423.49585985,-9083.30973709,437.51877008,-9071.514347,false
1347,505936,14.59,579.87374693,-9068.01247553,573.45649974,-9078.76880596,586.29099412,-9057.2561451,false
1348,491871,13.44,826.42173493,-9058.38447285,819.09185874,-9068.73802053,833.75161112,-9048.03092518,false
1349,255820,17.94,1259.12807723,-9016.87348378,1252.27971414,-9021.10073152,1265.97644032,-9012.64623604,false
1350,203544,19.04,1232.01286231,-9015.78040486,1222.4260487,-9020.24820135,1241.59967593,-9011.31260836,false
1351,495880,9.51,1168.81579674,-8974.97423782,1165.30317496,-8980.81439098,1172.32841852,-8969.13408465,false
1352,504317,11.94,1179.19846853,-8975.00479536,1173.33263658,-8981.35531777,1185.06430048,-8968.65427296,false
1353,491460,11.73,1164.80190138,-8954.46971491,1159.14204442,-8961.52673099,1170.46175834,-8947.41269884,false
1354,412608,9.77,1271.65059971,-8913.65178574,1267.94550999,-8919.91568757,1275.35568943,-8907.38788392,false
1355,307922,10.55,1708.65770125,-8906.36254008,1703.59792458,-8920.28531571,1713.71747792,-8892.43976446,false
1356,177339,13.08,1573.8044915,-8906.13516002,1556.9962389,-8924.44414772,1590.61274411,-8887.82617231,false
1357,177339,15.54,1573.8044915,-8906.13516002,1556.9962389,-8924.44414772,1590.61274411,-8887.82617231,false
1358,177339,15.55,1573.8044915,-8906.13516002,1556.9962389,-8924.44414772,1590.61274411,-8887.82617231,false
1359,0,11.08,1139.5822627,-8894.63200474,1137.22229779,-8895.89726695,1141.94222761,-8893.36674254,false
1360,334197,17.43,977.39769076,-8856.96158738,966.54021412,-8863.53171918,988.25516739,-8850.39145559,false
1361,491347,10.85,1490.65464267,-8817.04443836,1486.77218811,-8823.51281446,1494.53709723,-8810.57606227,false
1362,102857,10.94,1503.76497229,-8815.58968234,1499.37456104,-8825.07602826,1508.15538354,-8806.10333642,false
1363,504467,10.94,1518.18897767,-8810.64125875,1515.47488605,-8821.18680998,1520.90306929,-8800.09570752,false
1364,203355,18.39,1035.60862634,-8814.40512288,1022.26117407,-8826.13010332,1048.95607861,-8802.68014244,false
1365,496904,8.98,744.72687508,-8787.11818903,741.16652402,-8793.27213183,748.28722613,-8780.96424623,false
1366,504583,11.82,1491.56883706,-8767.77290244,1484.95018616,-8775.79182285,1498.18748796,-8759.75398204,false
1367,151222,11.2,1630.80809483,-8772.89280146,1619.32824594,-8790.12031237,1642.28794373,-8755.66529055,false
1368,504475,13.09,1305.670289,-8766.61926763,1299.21400089,-8774.69560438,1312.1265771,-8758.54293087,false
1369,506152,11.83,722.86792119,-8779.32556689,720.10717124,-8784.23403944,725.62867115,-8774.41709435,false
1370,506153,15.6,733.50519308,-8772.89625584,727.50482611,-8784.22352672,739.50556005,-8761.56898496,false
1371,506151,11.8,722.88696723,-8766.52428592,720.12625852,-8771.40367245,725.64767593,-8761.64489938,false
1372,151188,16.29,1380.91202536,-8726.33939107,1374.78975405,-8732.98502647,1387.03429667,-8719.69375567,false
1373,504401,11.2,1332.28458032,-8723.82097289,1327.626734,-8733.25031729,1336.94242664,-8714.3916285,false
1374,504334,11.53,1166.96305226,-8724.61172601,1161.59752974,-8732.46263969,1172.32857478,-8716.76081233,false
1375,495905,10.19,1378.54894302,-8707.81238114,1373.99678332,-8714.38496425,1383.10110273,-8701.23979804,false
1376,506170,19.37,664.56701278,-8676.57070641,632.71371456,-8689.15281859,696.420311,-8663.98859424,false
1377,491435,10.12,1042.73691371,-8626.45887595,1038.0114615,-8635.34669568,1047.46236593,-8617.57105621,false
1378,495948,9.25,1293.8902474,-8609.74771358,1290.01414689,-8613.13220813,1297.76634791,-8606.36321903,false
1379,504496,11.81,843.0913339,-8578.94637463,837.47768011,-8586.52851442,848.70498768,-8571.36423484,false
1380,177012,12.62,1214.65924877,-8534.49486028,1207.43839274,-8544.9553863,1221.8801048,-8524.03433426,false
1381,0,9.89,1216.59409376,-8515.46390055,1210.17291711,-8518.59196851,1223.01527041,-8512.33583258,false
1382,504359,14.57,1054.1127287,-8447.55178283,1048.92044278,-8455.63997489,1059.30501462,-8439.46359077,false
1383,0,8.37,850.61739962,-8441.34805541,844.20319336,-8443.61033451,857.03160588,-8439.08577631,false
1384,495838,9.98,888.09093214,-8422.31510364,883.51673316,-8426.19333439,892.66513113,-8418.43687289,false
1385,504198,12,968.37436149,-8414.60887683,959.03689046,-8428.41574609,977.71183252,-8400.80200756,false
1386,0,9.01,751.22850105,-8415.70183965,749.11154037,-8425.83383733,753.34546174,-8405.56984197,false
1387,101079,25.36,772.05112461,-8416.42212434,756.35177218,-8433.65535429,787.75047704,-8399.1888944,false
1388,255244,15.76,374.68066442,-8314.20962269,362.31372107,-8327.07679538,387.04760777,-8301.34245001,false
1389,281336,11.67,949.64713678,-8285.43472881,943.30900636,-8298.40660631,955.98526719,-8272.46285132,false
1390,506139,10.87,366.7591884,-8291.69370068,364.45135858,-8301.81543559,369.06701822,-8281.57196577,false
1391,281322,14.66,978.60119738,-8265.73735369,971.65600806,-8270.22287839,985.54638669,-8261.251829,false
1392,255167,11.15,958.73786628,-8213.44647681,954.05270197,-8217.51898874,963.42303058,-8209.37396489,false
1393,412005,11.85,922.76725046,-8210.74906253,918.10385579,-8217.27539506,927.43064512,-8204.22272999,false
1394,307298,12.37,887.00732744,-8207.89342774,881.64117555,-8216.13466187,892.37347934,-8199.65219361,false
1395,229190,13.14,699.66131612,-8206.06704731,682.25408959,-8222.03232369,717.06854266,-8190.10177093,false
1396,385827,13.74,979.71506598,-8187.01092344,972.69300766,-8191.71830603,986.7371243,-8182.30354086,false
1397,100185,11.54,979.56264871,-8169.6659596,975.49059174,-8175.55097443,983.63470568,-8163.78094476,false
1398,586724,11.66,332.72933503,-8139.40677701,322.00284945,-8146.44264338,343.4558206,-8132.37091065,false
1399,586723,12.42,335.24386888,-8122.34318793,325.30473741,-8131.68873319,345.18300035,-8112.99764267,false
1400,506183,30.32,230.69008514,-8106.09022633,182.03154511,-8166.65969686,279.34862518,-8045.5207558,false
1401,504596,11.07,730.46386735,-8005.50987351,722.73524416,-8008.6222955,738.19249053,-8002.39745153,false
1402,99499,10.6,717.28155156,-8007.92791497,713.37037412,-8013.93403692,721.192729,-8001.92179302,false
1403,504514,13.53,574.70246561,-8025.8241986,562.26571789,-8048.97699446,587.13921332,-8002.67140274,false
1404,504525,10.59,622.61216147,-7898.15682979,609.97550134,-7904.81992272,635.24882159,-7891.49373686,false
1405,0,11.52,739.81685812,-7863.88715402,732.76225458,-7870.79764298,746.87146167,-7856.97666506,false
1406,504528,15.9,621.9310339,-7859.79031121,606.99143527,-7874.38344094,636.87063253,-7845.19718148,false
1407,0,8.31,162.35322879,-7438.51770732,157.14840778,-7442.19521997,167.55804981,-7434.84019466,false
1408,504446,13.13,1275.97679542,-8954.93378479,1271.54973351,-8961.26627614,1280.40385733,-8948.60129344,false
1409,504531,14.45,448.93458662,-8010.29551333,444.21881996,-8018.17051523,453.65035329,-8002.42051142,false
1410,229438,11.74,1439.64759772,-8453.10763273,1435.2899844,-8458.7861692,1444.00521105,-8447.42909627,false
1411,203072,10.54,1427.06310632,-8452.25152066,1422.55593591,-8458.61662224,1431.57027673,-8445.88641908,false
1412,101556,13.65,1376.68625761,-8491.16077018,1370.25714311,-8497.52632773,1383.11537212,-8484.79521263,false
1413,386070,10.54,1351.28218145,-8492.39886242,1347.35754198,-8501.37106242,1355.20682091,-8483.42666242,false
1414,255383,9.94,1375.10962852,-8436.87936107,1370.20004923,-8441.35446472,1380.01920782,-8432.40425742,false
1415,491401,12.54,1410.2787513,-8427.0954271,1404.60631429,-8430.32116144,1415.95118831,-8423.86969275,false
1416,491404,17.02,1413.30525188,-8451.36200687,1406.17219194,-8456.51933501,1420.43831182,-8446.20467874,false
1417,491405,11.85,1349.69552968,-8414.01165312,1343.52329568,-8423.58558268,1355.86776367,-8404.43772357,false
1418,491407,9.6,1374.18796039,-8426.87103486,1369.3568144,-8430.28328766,1379.01910639,-8423.45878205,false
1419,495879,9.55,1324.09916413,-8434.79188029,1315.87411345,-8438.50329748,1332.32421481,-8431.0804631,false
1420,503894,12.02,1336.79306444,-8448.67998558,1331.81379732,-8454.05339334,1341.77233157,-8443.30657782,false
1421,504365,15.4,1334.09964447,-8369.00891379,1328.81020589,-8377.91345857,1339.38908305,-8360.10436902,false
1422,504366,13.73,1347.32938472,-8374.43030378,1341.07169701,-8380.90677657,1353.58707243,-8367.953831,false
1423,504369,12.79,1378.12102272,-8409.76552351,1373.79260617,-8416.97036637,1382.44943927,-8402.56068065,false
1424,504370,12.07,1380.15602912,-8450.6868317,1375.46433031,-8457.92907656,1384.84772792,-8443.44458683,false
1425,504371,14.13,1354.56558985,-8447.53447857,1348.72746859,-8456.87108021,1360.40371111,-8438.19787693,false
1426,504379,10.45,1330.4948609,-8491.76054762,1326.4449808,-8500.06916242,1334.544741,-8483.45193282,false
1427,504380,10.6,1340.54048222,-8490.95388244,1336.58687556,-8498.55162347,1344.49408888,-8483.35614141,false
1428,504600,10.93,1362.93824438,-8489.54913403,1355.81684342,-8495.83457536,1370.05964534,-8483.26369271,false
1429,504530,16.14,749.73026263,-8044.69288327,711.35737135,-8063.57203201,788.1031539,-8025.81373454,false
1430,504530,11.65,676.28263254,-8019.98505527,662.27455597,-8033.52980157,690.2907091,-8006.44030898,false
1431,504530,8.74,701.41337066,-8017.03402793,690.14011977,-8033.53973052,712.68662154,-8000.52832533,false
